station_code,station_latitude_deg,station_longitude_deg,site_key,mesh_code,jcode,avs30_mps,arv,avs_eb_mps,avs_ref,jshis_known
AIC001,35.2976,136.75,AIC001|35.2976|136.7500,5236765031,14.0,183.8,1.9397,,0.0,1
AIC002,35.2979,136.9153,AIC002|35.2979|136.9153,5236775331,8.0,402.5,0.9947,,0.0,1
AIC003,35.1732,136.7404,AIC003|35.1732|136.7404,5236650933,15.0,169.3,2.0807,,0.0,1
AIC004,35.0632,136.9737,AIC004|35.0632|136.9737,5236477742,3.0,366.1,1.0783,,0.0,1
AIC004,35.0634,136.9736,AIC004|35.0634|136.9736,5236477742,3.0,366.1,1.0783,,0.0,1
AIC005,35.1979,137.2056,AIC005|35.1979|137.2056,5237613632,10.0,399.0,1.0021,,0.0,1
AIC006,35.2159,137.5086,AIC006|35.2159|137.5086,5237645043,8.0,547.0,0.7659,,0.0,1
AIC007,35.1394,137.3353,AIC007|35.1394|137.3353,5237526642,1.0,775.5,0.5689,,0.0,1
AIC008,35.0977,137.5697,AIC008|35.0977|137.5697,5237541541,2.0,400.3,0.9994,,0.0,1
AIC009,35.0812,137.1464,AIC009|35.0812|137.1464,5237419141,8.0,383.6,1.0363,,0.0,1
AIC010,34.976,137.4236,AIC010|34.9760|137.4236,5237337322,8.0,541.2,0.7729,,0.0,1
AIC011,34.9965,136.8639,AIC011|34.9965|136.8639,5236369931,20.0,253.3,1.4761,,0.0,1
AIC012,34.9119,137.0447,AIC012|34.9119|137.0447,5237209323,15.0,183.8,1.9393,,0.0,1
AIC013,34.9335,137.5761,AIC013|34.9335|137.5761,5237342611,8.0,473.4,0.8663,,0.0,1
AIC014,34.8263,137.22,AIC014|34.8263|137.2200,5237119721,15.0,207.5,1.749,,0.0,1
AIC015,34.7549,137.4047,AIC015|34.7549|137.4047,5237130232,10.0,257.3,1.4564,,0.0,1
AIC016,34.7788,136.9087,AIC016|34.7788|136.9087,5236173223,16.0,260.2,1.4425,,0.0,1
AIC017,34.6694,137.2633,AIC017|34.6694|137.2633,5237020113,8.0,401.2,0.9974,,0.0,1
AIC017,34.6728,137.2606,AIC017|34.6728|137.2606,5237020042,8.0,412.2,0.9747,,0.0,1
AIC018,34.6221,137.1078,AIC018|34.6221|137.1078,5137704841,10.0,291.6,1.3091,,0.0,1
AKT001,40.3279,140.7428,AKT001|40.3279|140.7428,6040359914,11.0,360.1,1.0936,,0.0,1
AKT002,40.2677,140.5659,AKT002|40.2677|140.5659,6040342512,8.0,428.6,0.9429,,0.0,1
AKT003,40.2782,140.2631,AKT003|40.2782|140.2631,6040323113,10.0,318.5,1.2144,,0.0,1
AKT004,40.3888,139.9827,AKT004|40.3888|139.9827,6039476841,8.0,444.4,0.9143,,0.0,1
AKT006,40.2152,140.7873,AKT006|40.2152|140.7873,6040265244,11.0,346.0,1.1316,,0.0,1
AKT007,40.046,140.0813,AKT007|40.0460|140.0813,6040005641,8.0,371.3,1.0654,,0.0,1
AKT008,39.883,140.0716,AKT008|39.8830|140.0716,5940605543,15.0,207.5,1.749,,0.0,1
AKT009,39.8879,139.8466,AKT009|39.8879|139.8466,5939666741,10.0,258.6,1.4503,,0.0,1
AKT011,39.8128,140.5803,AKT011|39.8128|140.5803,5940547632,8.0,522.5,0.7964,,0.0,1
AKT012,39.6991,140.7181,AKT012|39.6991|140.7181,5940453734,10.0,401.1,0.9976,,0.0,1
AKT013,39.6069,140.3213,AKT013|39.6069|140.3213,5940322543,8.0,457.0,0.8927,,0.0,1
AKT014,39.595,140.5554,AKT014|39.5950|140.5554,5940341414,13.0,180.8,1.9673,,0.0,1
AKT015,39.383,140.0499,AKT015|39.3830|140.0499,5940005344,8.0,345.2,1.1338,,0.0,1
AKT016,39.4544,140.476,AKT016|39.4544|140.4760,5940134831,12.0,220.5,1.6611,,0.0,1
AKT017,39.2975,140.5629,AKT017|39.2975|140.5629,5840745531,11.0,344.9,1.1345,,0.0,1
AKT018,39.1939,140.1902,AKT018|39.1939|140.1902,5840613513,8.0,479.5,0.8568,,0.0,1
AKT019,39.0384,140.451,AKT019|39.0384|140.4510,5840434631,11.0,359.7,1.0947,,0.0,1
AKT020,39.2022,139.9085,AKT020|39.2022|139.9085,5839674223,15.0,174.2,2.0309,,0.0,1
AKT021,39.995,140.4031,AKT021|39.9950|140.4031,5940739213,8.0,473.1,0.8668,,0.0,1
AKT022,39.7739,140.6667,AKT022|39.7739|140.6667,5940552334,10.0,436.2,0.9288,,0.0,1
AKT023,39.1462,140.717,AKT023|39.1462|140.7170,5840557732,1.0,641.3,0.6689,,0.0,1
AOM001,41.5267,140.9244,AOM001|41.5267|140.9244,6240273322,8.0,431.1,0.9382,,0.0,1
AOM002,41.3276,140.813,AOM002|41.3276|140.8130,6140769513,10.0,295.3,1.2951,,0.0,1
AOM003,41.4053,141.1691,AOM003|41.4053|141.1691,6241018341,16.0,260.2,1.4425,,0.0,1
AOM004,41.4087,141.4486,AOM004|41.4087|141.4486,6241039522,9.0,289.7,1.3164,,0.0,1
AOM005,41.2948,141.1972,AOM005|41.2948|141.1972,6141715524,9.0,239.1,1.5504,,0.0,1
AOM006,41.1976,140.9972,AOM006|41.1976|140.9972,6140673942,16.0,260.2,1.4425,,0.0,1
AOM007,41.2256,141.3958,AOM007|41.2256|141.3958,6141637121,9.0,248.6,1.4999,,0.0,1
AOM008,41.084,141.2552,AOM008|41.0840|141.2552,6141520012,17.0,194.5,1.8484,,0.0,1
AOM009,40.9665,141.3733,AOM009|40.9665|141.3733,6141325944,8.0,333.6,1.1671,,0.0,1
AOM010,40.8721,141.1416,AOM010|40.8721|141.1416,6141214132,9.0,216.2,1.6888,,0.0,1
AOM011,40.683,141.3696,AOM011|40.6830|141.3696,6141021943,9.0,254.5,1.4698,,0.0,1
AOM011,40.684,141.3694,AOM011|40.6840|141.3694,6141022921,9.0,248.0,1.5026,,0.0,1
AOM012,40.5138,141.4805,AOM012|40.5138|141.4805,6041631832,9.0,244.9,1.5188,,0.0,1
AOM013,40.4124,141.28,AOM013|40.4124|141.2800,6041429214,8.0,435.1,0.9308,,0.0,1
AOM014,40.4371,140.9406,AOM014|40.4371|140.9406,6040572513,5.0,337.4,1.156,,0.0,1
AOM017,40.6363,139.9284,AOM017|40.6363|139.9284,6039776414,8.0,475.2,0.8634,,0.0,1
AOM018,40.7782,140.1976,AOM018|40.7782|140.1976,6140113524,8.0,434.8,0.9314,,0.0,1
AOM020,40.8193,140.7501,AOM020|40.8193|140.7501,6140168013,15.0,177.8,1.9955,,0.0,1
AOM021,40.6152,141.208,AOM021|40.6152|141.2080,6041713643,8.0,318.3,1.2148,,0.0,1
AOM022,40.9924,140.9155,AOM022|40.9924|140.9155,6140379311,15.0,207.5,1.749,,0.0,1
AOM023,40.9676,140.4326,AOM023|40.9676|140.4326,6140336421,8.0,357.3,1.1009,,0.0,1
AOM024,41.0473,140.6398,AOM024|41.0473|140.6398,6140455131,16.0,260.2,1.4425,,0.0,1
AOM025,41.1795,140.4801,AOM025|41.1795|140.4801,6140631832,10.0,249.6,1.4948,,0.0,1
AOM026,41.1281,140.3106,AOM026|41.1281|140.3106,6140525424,8.0,398.7,1.0027,,0.0,1
AOM027,41.1453,140.8219,AOM027|41.1453|140.8219,6140567524,16.0,260.2,1.4425,,0.0,1
AOM028,40.7002,140.919,AOM028|40.7002|140.9190,6140074321,5.0,289.7,1.3164,,0.0,1
AOM029,40.5758,140.2965,AOM029|40.5758|140.2965,6040629321,8.0,491.2,0.8394,,0.0,1
CHB001,35.9595,139.8733,CHB001|35.9595|139.8733,5339765922,9.0,222.2,1.6504,368.5,1.0,1
CHB002,35.7868,139.9031,CHB002|35.7868|139.9031,5339574213,16.0,265.2,1.4195,385.5,1.0,1
CHB003,35.7943,140.0564,CHB003|35.7943|140.0564,5340505423,9.0,218.3,1.6756,400.0,1.0,1
CHB004,35.9007,140.4905,CHB004|35.9007|140.4905,5340638911,15.0,205.1,1.7667,369.3,1.0,1
CHB005,35.7358,140.83,CHB005|35.7358|140.8300,5340468614,14.0,284.3,1.3378,412.6,1.0,1
CHB006,35.7801,140.3067,CHB006|35.7801|140.3067,5340523441,9.0,241.9,1.5348,447.9,1.0,1
CHB007,35.7234,140.2267,CHB007|35.7234|140.2267,5340416833,9.0,259.1,1.4476,384.7,1.0,1
CHB008,35.6537,139.9023,CHB008|35.6537|139.9023,5339378213,20.0,155.3,2.2397,400.0,1.0,1
CHB009,35.6082,140.1022,CHB009|35.6082|140.1022,5340302833,20.0,247.7,1.5042,353.6,1.0,1
CHB010,35.7077,140.568,CHB010|35.7077|140.5680,5340444534,16.0,215.6,1.6931,367.2,1.0,1
CHB011,35.6021,140.5014,CHB011|35.6021|140.5014,5340342013,16.0,232.3,1.5889,387.5,1.0,1
CHB012,35.5727,140.3333,CHB012|35.5727|140.3333,5340228641,10.0,320.0,1.2094,447.9,1.0,1
CHB013,35.4327,140.2905,CHB013|35.4327|140.2905,5340121333,13.0,320.0,1.2094,412.9,1.0,1
CHB014,35.4769,140.0489,CHB014|35.4769|140.0489,5340107322,16.0,273.9,1.3808,408.7,1.0,1
CHB015,35.3738,139.9159,CHB015|35.3738|139.9159,5339074334,20.0,174.5,2.0273,368.3,1.0,1
CHB016,35.2999,140.3867,CHB016|35.2999|140.3867,5240735044,17.0,185.3,1.9265,586.6,1.0,1
CHB016,35.3004,140.3869,CHB016|35.3004|140.3869,5240736022,15.0,175.2,2.0205,587.0,1.0,1
CHB017,35.2988,140.0755,CHB017|35.2988|140.0755,5240705633,8.0,287.5,1.3251,392.1,1.0,1
CHB018,35.1577,140.3222,CHB018|35.1577|140.3222,5240528544,3.0,419.8,0.9596,560.2,1.0,1
CHB019,35.1105,139.8351,CHB019|35.1105|139.8351,5239563624,15.0,168.3,2.0905,500.0,1.0,1
CHB020,35.1155,140.1022,CHB020|35.1155|140.1022,5240503833,8.0,198.8,1.8143,379.3,1.0,1
CHB021,34.9083,139.8979,CHB021|34.9083|139.8979,5239278144,8.0,394.0,1.013,538.1,1.0,1
CHB022,35.3083,139.8598,CHB022|35.3083|139.8598,5239766844,3.0,325.4,1.1922,350.0,1.0,1
CHB023,34.9741,139.8449,CHB023|34.9741|139.8449,5239366743,3.0,387.9,1.0266,468.7,1.0,1
CHB024,35.6335,140.0784,CHB024|35.6335|140.0784,5340306612,20.0,215.7,1.6924,350.0,1.0,1
CHB025,34.9707,139.9459,CHB025|34.9707|139.9459,5239376523,3.0,409.1,0.9811,500.0,1.0,1
CHB026,35.3872,140.237,CHB026|35.3872|140.2370,5340016824,3.0,409.1,0.981,500.0,1.0,1
CHB027,35.181,140.2655,CHB027|35.1810|140.2655,5240621131,8.0,398.7,1.0028,489.9,1.0,1
CHB028,35.766,139.9665,CHB028|35.7660|139.9665,5339571734,9.0,254.7,1.4692,395.7,1.0,1
CHB029,35.6947,139.9176,CHB029|35.6947|139.9176,5339473314,16.0,189.9,1.8864,378.5,1.0,1
CHB030,35.3766,139.9151,CHB030|35.3766|139.9151,5339075311,20.0,193.1,1.8597,370.1,1.0,1
EHM001,33.981,133.549,EHM001|33.9810|133.5490,5033747342,8.0,398.6,1.003,,0.0,1
EHM002,33.9216,133.3074,EHM002|33.9216|133.3074,5033720441,11.0,335.6,1.1614,,0.0,1
EHM003,33.9266,133.0843,EHM003|33.9266|133.0843,5033701621,15.0,190.9,1.8779,,0.0,1
EHM004,34.0624,132.9982,EHM004|34.0624|132.9982,5132077924,15.0,207.5,1.749,,0.0,1
EHM005,33.7974,132.9141,EHM005|33.7974|132.9141,5032575331,11.0,356.1,1.104,,0.0,1
EHM006,33.641,133.0082,EHM006|33.6410|133.0082,5033306043,2.0,400.3,0.9994,,0.0,1
EHM007,33.9621,132.7722,EHM007|33.9621|132.7722,5032765124,15.0,207.5,1.749,,0.0,1
EHM008,33.8198,132.7282,EHM008|33.8198|132.7282,5032558814,11.0,269.6,1.3997,,0.0,1
EHM008,33.8199,132.728,EHM008|33.8199|132.7280,5032558813,13.0,163.6,2.1424,,0.0,1
EHM009,33.6324,132.7963,EHM009|33.6324|132.7963,5032365343,1.0,775.5,0.5689,,0.0,1
EHM010,33.4506,132.6881,EHM010|33.4506|132.6881,5032154511,8.0,507.0,0.8171,,0.0,1
EHM010,33.4512,132.6882,EHM010|33.4512|132.6882,5032154511,8.0,507.0,0.8171,,0.0,1
EHM011,33.4496,132.4336,EHM011|33.4496|132.4336,5032133443,10.0,306.2,1.2558,,0.0,1
EHM012,33.2217,132.5727,EHM012|33.2217|132.5727,4932646542,1.0,775.5,0.5689,,0.0,1
EHM013,33.3924,132.1141,EHM013|33.3924|132.1141,5032007911,1.0,775.5,0.5689,,0.0,1
EHM014,32.9453,132.5047,EHM014|32.9453|132.5047,4932343014,1.0,775.5,0.5689,,0.0,1
EHM015,33.6105,132.4814,EHM015|33.6105|132.4814,5032333823,15.0,207.5,1.749,,0.0,1
EHM015,33.6155,132.48,EHM015|33.6155|132.4800,5032333834,16.0,260.2,1.4425,,0.0,1
EHM016,33.7658,132.7088,EHM016|33.7658|132.7088,5032551643,16.0,260.2,1.4425,,0.0,1
FKI001,36.2161,136.1571,FKI001|36.2161|136.1571,5436215243,15.0,169.3,2.0807,,0.0,1
FKI002,36.0386,136.0137,FKI002|36.0386|136.0137,5436004131,1.0,641.3,0.6689,,0.0,1
FKI003,36.0444,136.2279,FKI003|36.0444|136.2279,5436015813,13.0,166.9,2.1055,,0.0,1
FKI004,35.9789,136.4865,FKI004|35.9789|136.4865,5336737824,11.0,356.7,1.1026,,0.0,1
FKI005,35.9067,136.1743,FKI005|35.9067|136.1743,5336618344,11.0,303.9,1.2636,,0.0,1
FKI006,35.7731,136.1998,FKI006|35.7731|136.1998,5336512544,10.0,396.4,1.0078,,0.0,1
FKI007,35.6457,136.0559,FKI007|35.6457|136.0559,5336307414,15.0,207.5,1.749,,0.0,1
FKI008,35.5479,135.9084,FKI008|35.5479|135.9084,5335275241,11.0,287.2,1.3261,,0.0,1
FKI009,35.4965,135.7519,FKI009|35.4965|135.7519,5335169031,15.0,207.5,1.749,,0.0,1
FKI010,35.4904,135.551,FKI010|35.4904|135.5510,5335148433,16.0,260.2,1.4425,,0.0,1
FKI011,35.9053,136.6706,FKI011|35.9053|136.6706,5336658341,10.0,470.8,0.8703,,0.0,1
FKO001,33.8469,130.5124,FKO001|33.8469|130.5124,5030641042,3.0,382.4,1.0391,,0.0,1
FKO002,33.8263,130.7053,FKO002|33.8263|130.7053,5030559612,13.0,167.9,2.0955,,0.0,1
FKO003,33.8324,130.9014,FKO003|33.8324|130.9014,5030579233,8.0,401.0,0.9979,,0.0,1
FKO004,33.7388,131.0095,FKO004|33.7388|131.0095,5031408042,19.0,236.3,1.5657,,0.0,1
FKO005,33.6519,130.6962,FKO005|33.6519|130.6962,5030358521,3.0,366.8,1.0767,,0.0,1
FKO006,33.5969,130.3985,FKO006|33.5969|130.3985,5030331142,16.0,260.2,1.4425,,0.0,1
FKO007,33.561,130.2024,FKO007|33.5610|130.2024,5030217613,8.0,379.5,1.0459,,0.0,1
FKO008,33.5716,130.8539,FKO008|33.5716|130.8539,5030268832,8.0,459.2,0.8891,,0.0,1
FKO009,33.4952,130.5163,FKO009|33.4952|130.5163,5030149114,10.0,318.4,1.2144,,0.0,1
FKO010,33.4235,130.6689,FKO010|33.4235|130.6689,5030150343,3.0,389.1,1.0238,,0.0,1
FKO011,33.3235,130.5115,FKO011|33.3235|130.5115,4930748044,13.0,162.6,2.1531,,0.0,1
FKO012,33.3319,130.7939,FKO012|33.3319|130.7939,4930769343,8.0,448.9,0.9065,,0.0,1
FKO013,33.2252,130.5607,FKO013|33.2252|130.5607,4930647422,11.0,308.6,1.2472,,0.0,1
FKO014,33.1491,130.8182,FKO014|33.1491|130.8182,4930567534,1.0,641.3,0.6689,,0.0,1
FKO015,33.1627,130.4052,FKO015|33.1627|130.4052,4930539232,15.0,172.6,2.0464,,0.0,1
FKO016,33.0159,130.4471,FKO016|33.0159|130.4471,4930431544,3.0,357.4,1.1007,,0.0,1
FKS001,37.7949,140.9196,FKS001|37.7949|140.9196,5640575323,10.0,239.7,1.5468,,0.0,1
FKS002,37.8449,140.6013,FKS002|37.8449|140.6013,5640641813,13.0,179.5,1.9795,,0.0,1
FKS003,37.7613,140.4799,FKS003|37.7613|140.4799,5640531814,10.0,345.4,1.1333,,0.0,1
FKS004,37.6799,140.7346,FKS004|37.6799|140.7346,5640451842,1.0,775.5,0.5689,,0.0,1
FKS005,37.6385,140.9849,FKS005|37.6385|140.9849,5640376842,8.0,383.1,1.0374,,0.0,1
FKS006,37.5031,140.7588,FKS006|37.5031|140.7588,5640260023,1.0,775.5,0.5689,,0.0,1
FKS007,37.4061,140.9632,FKS007|37.4061|140.9632,5640078731,8.0,454.9,0.8963,,0.0,1
FKS008,37.4363,140.5668,FKS008|37.4363|140.5668,5640142514,1.0,775.5,0.5689,,0.0,1
FKS009,37.2778,140.6349,FKS009|37.2778|140.6349,5540753024,10.0,472.7,0.8674,,0.0,1
FKS010,37.2342,141.0016,FKS010|37.2342|141.0016,5541608011,8.0,444.1,0.9147,,0.0,1
FKS011,37.0911,140.9035,FKS011|37.0911|140.9035,5540570234,3.0,446.7,0.9102,,0.0,1
FKS012,36.9069,140.7929,FKS012|36.9069|140.7929,5540268334,15.0,195.9,1.8369,,0.0,1
FKS013,37.09,140.5563,FKS013|37.0900|140.5563,5540540443,1.0,775.5,0.5689,,0.0,1
FKS014,36.8683,140.43,FKS014|36.8683|140.4300,5540234412,10.0,407.6,0.9841,,0.0,1
FKS015,37.0217,140.3775,FKS015|37.0217|140.3775,5540432031,1.0,775.5,0.5689,,0.0,1
FKS016,37.1228,140.1914,FKS016|37.1228|140.1914,5540514532,8.0,453.6,0.8984,,0.0,1
FKS017,37.2842,140.3689,FKS017|37.2842|140.3689,5540724921,9.0,322.7,1.2008,,0.0,1
FKS018,37.3961,140.3622,FKS018|37.3961|140.3622,5640027842,14.0,183.8,1.9397,,0.0,1
FKS019,37.603,140.4368,FKS019|37.6030|140.4368,5640332424,3.0,371.9,1.0641,,0.0,1
FKS020,37.5474,140.1078,FKS020|37.5474|140.1078,5640205841,15.0,187.0,1.9112,,0.0,1
FKS021,37.6535,139.8633,FKS021|37.6535|139.8633,5639368913,11.0,364.5,1.0825,,0.0,1
FKS022,37.6002,139.6467,FKS022|37.6002|139.6467,5639352121,8.0,493.7,0.8359,,0.0,1
FKS023,37.4774,139.9294,FKS023|37.4774|139.9294,5639177414,11.0,361.0,1.0913,,0.0,1
FKS024,37.3957,140.1325,FKS024|37.3957|140.1325,5640017023,10.0,468.7,0.8736,,0.0,1
FKS025,37.3077,139.9,FKS025|37.3077|139.9000,5539776233,8.0,550.8,0.7615,,0.0,1
FKS026,37.266,139.5386,FKS026|37.2660|139.5386,5539741333,10.0,481.4,0.854,,0.0,1
FKS027,37.07,139.6808,FKS027|37.0700|139.6808,5539458414,1.0,641.3,0.6689,,0.0,1
FKS028,37.3491,139.3144,FKS028|37.3491|139.3144,5639021533,8.0,531.9,0.7844,,0.0,1
FKS029,37.0159,139.3801,FKS029|37.0159|139.3801,5539431034,10.0,544.2,0.7692,,0.0,1
FKS029,37.0609,139.4135,FKS029|37.0609|139.4135,5539437313,1.0,641.3,0.6689,,0.0,1
FKS030,37.453,139.5133,FKS030|37.4530|139.5133,5639144113,1.0,641.3,0.6689,,0.0,1
FKS031,37.3364,140.8132,FKS031|37.3364|140.8132,5640060513,1.0,775.5,0.5689,,0.0,1
GIF001,36.2742,136.8978,GIF001|36.2742|136.8978,5436372144,8.0,551.3,0.7608,,0.0,1
GIF002,36.2734,137.0253,GIF002|36.2734|137.0253,5437302233,8.0,547.1,0.7658,,0.0,1
GIF003,36.3322,137.3014,GIF003|36.3322|137.3014,5437329433,8.0,537.4,0.7775,,0.0,1
GIF004,36.2492,137.5174,GIF004|36.2492|137.5174,5437249134,11.0,428.5,0.9431,,0.0,1
GIF005,36.1536,137.2514,GIF005|36.1536|137.2514,5437128013,11.0,395.7,1.0092,,0.0,1
GIF006,36.0333,136.9528,GIF006|36.0333|136.9528,5436073633,8.0,578.5,0.7303,,0.0,1
GIF007,36.0378,137.4861,GIF007|36.0378|137.4861,5437034842,1.0,775.5,0.5689,,0.0,1
GIF008,35.9515,137.26,GIF008|35.9515|137.2600,5337724022,8.0,560.8,0.7499,,0.0,1
GIF009,35.9219,136.8311,GIF009|35.9219|136.8311,5336760632,8.0,556.6,0.7546,,0.0,1
GIF010,35.8029,137.245,GIF010|35.8029|137.2450,5337516923,8.0,512.9,0.8091,,0.0,1
GIF011,35.7593,136.9808,GIF011|35.7593|136.9808,5336571812,8.0,510.0,0.813,,0.0,1
GIF012,35.6365,136.4882,GIF012|35.6365|136.4882,5336336913,8.0,522.5,0.7964,,0.0,1
GIF013,35.6637,137.1617,GIF013|35.6637|137.1617,5337319242,8.0,503.6,0.8219,,0.0,1
GIF014,35.6576,137.4258,GIF014|35.6576|137.4258,5337338433,8.0,532.4,0.7838,,0.0,1
GIF015,35.5454,136.9072,GIF015|35.5454|136.9072,5336275223,8.0,469.9,0.8717,,0.0,1
GIF016,35.5424,137.1191,GIF016|35.5424|137.1191,5337205921,8.0,505.6,0.819,,0.0,1
GIF016,35.5426,137.1195,GIF016|35.5426|137.1195,5337205921,8.0,505.6,0.819,,0.0,1
GIF017,35.487,136.5679,GIF017|35.4870|136.5679,5336148514,11.0,310.7,1.2402,,0.0,1
GIF018,35.4887,137.5,GIF018|35.4887|137.5000,5337148031,11.0,385.9,1.0309,,0.0,1
GIF019,35.4495,137.4039,GIF019|35.4495|137.4039,5337133234,8.0,515.9,0.8051,,0.0,1
GIF020,35.4243,136.7553,GIF020|35.4243|136.7553,5336160034,11.0,280.9,1.3514,,0.0,1
GIF021,35.4426,137.0,GIF021|35.4426|137.0000,5337103011,8.0,454.1,0.8975,,0.0,1
GIF022,35.2834,136.4715,GIF022|35.2834|136.4715,5236734721,8.0,475.3,0.8633,,0.0,1
GIF023,35.3882,137.2158,GIF023|35.3882|137.2158,5337016732,3.0,397.3,1.0057,,0.0,1
GIF024,35.3009,137.387,GIF024|35.3009|137.3870,5237736022,3.0,447.1,0.9094,,0.0,1
GIF025,35.7234,136.7847,GIF025|35.7234|136.7847,5336466244,1.0,775.5,0.5689,,0.0,1
GIF026,35.5912,136.7414,GIF026|35.5912|136.7414,5336350934,8.0,491.8,0.8386,,0.0,1
GNM001,36.7722,139.2248,GNM001|36.7722|139.2248,5539112742,1.0,533.0,0.783,700.0,1.0,1
GNM002,36.7819,138.9695,GNM002|36.7819|138.9695,5538173743,8.0,548.9,0.7637,705.3,1.0,1
GNM003,36.6578,139.0784,GNM003|36.6578|139.0784,5439708634,9.0,278.5,1.3614,796.3,1.0,1
GNM004,36.6172,138.5918,GNM004|36.6172|138.5918,5438744712,5.0,432.1,0.9363,518.1,1.0,1
GNM005,36.5133,138.5177,GNM005|36.5133|138.5177,5438641132,8.0,418.6,0.962,625.5,1.0,1
GNM006,36.5103,138.7523,GNM006|36.5103|138.7523,5438661011,8.0,431.6,0.9373,700.0,1.0,1
GNM007,36.4619,139.0101,GNM007|36.4619|139.0101,5439505024,5.0,349.5,1.1218,400.0,1.0,1
GNM008,36.3478,139.1368,GNM008|36.3478|139.1368,5439411042,11.0,351.2,1.1173,453.8,1.0,1
GNM009,36.4106,139.3251,GNM009|36.4106|139.3251,5439429613,11.0,403.5,0.9925,490.9,1.0,1
GNM010,36.2343,139.5331,GNM010|36.2343|139.5331,5439248221,9.0,212.4,1.7146,429.5,1.0,1
GNM011,36.2914,139.3609,GNM011|36.2914|139.3609,5439324844,8.0,271.1,1.393,359.5,1.0,1
GNM012,36.3111,139.1959,GNM012|36.3111|139.1959,5439317523,9.0,319.2,1.2121,478.7,1.0,1
GNM013,36.3181,139.0176,GNM013|36.3181|139.0176,5439308112,5.0,245.9,1.5137,521.4,1.0,1
GNM014,36.35,138.7179,GNM014|36.3500|138.7179,5438452712,9.0,588.0,0.7202,780.3,1.0,1
GNM015,36.2287,138.7579,GNM015|36.2287|138.7579,5438267023,8.0,530.3,0.7865,722.0,1.0,1
GNM016,36.1162,138.9251,GNM016|36.1162|138.9251,5438173433,8.0,629.1,0.6799,1097.9,1.0,1
HKD017,44.5323,141.7664,HKD017|44.5323|141.7664,6641663134,15.0,187.0,1.9112,,0.0,1
HKD019,44.3611,141.6978,HKD019|44.3611|141.6978,6641453524,8.0,309.3,1.2448,,0.0,1
HKD021,43.9407,141.637,HKD021|43.9407|141.6370,6541752044,8.0,412.9,0.9734,,0.0,1
HKD024,44.0489,141.8573,HKD024|44.0489|141.8573,6641065843,10.0,332.9,1.1692,,0.0,1
HKD031,44.1185,142.5952,HKD031|44.1185|142.5952,6642144721,11.0,373.8,1.0594,,0.0,1
HKD033,43.909,142.5695,HKD033|43.9090|142.5695,6542649521,11.0,367.9,1.0739,,0.0,1
HKD034,43.8543,142.7686,HKD034|43.8543|142.7686,6542662132,6.0,405.6,0.9882,,0.0,1
HKD038,43.1666,142.5662,HKD038|43.1666|142.5662,6442549534,11.0,382.2,1.0395,,0.0,1
HKD041,43.6249,142.6837,HKD041|43.6249|142.6837,6542354443,8.0,552.8,0.7591,,0.0,1
HKD049,44.0921,143.5336,HKD049|44.0921|143.5336,6643141221,11.0,324.8,1.1942,,0.0,1
HKD050,43.8785,143.1747,HKD050|43.8785|143.1747,6543615324,8.0,514.7,0.8068,,0.0,1
HKD051,44.0185,143.7747,HKD051|44.0185|143.7747,6643062122,11.0,312.5,1.2341,,0.0,1
HKD052,44.1204,144.0712,HKD052|44.1204|144.0712,6644104523,16.0,260.2,1.4425,,0.0,1
HKD053,43.7849,143.6072,HKD053|43.7849|143.6072,6543544821,8.0,484.6,0.8492,,0.0,1
HKD054,43.7996,143.9008,HKD054|43.7996|143.9008,6543575233,8.0,430.2,0.9399,,0.0,1
HKD055,43.8244,144.1087,HKD055|43.8244|144.1087,6544508843,8.0,382.2,1.0396,,0.0,1
HKD056,43.6707,143.578,HKD056|43.6707|143.5780,6543440613,10.0,426.1,0.9475,,0.0,1
HKD057,43.7055,144.0272,HKD057|43.7055|144.0272,6544404231,8.0,469.6,0.8723,,0.0,1
HKD058,44.0201,144.2729,HKD058|44.0201|144.2729,6644022124,8.0,396.3,1.008,,0.0,1
HKD059,43.8565,144.4629,HKD059|43.8565|144.4629,6544632733,9.0,260.4,1.4416,,0.0,1
HKD061,44.0699,144.9973,HKD061|44.0699|144.9973,6644078924,7.0,351.4,1.1167,,0.0,1
HKD062,43.6746,143.3088,HKD062|43.6746|143.3088,6543420443,8.0,545.8,0.7673,,0.0,1
HKD063,44.106,145.2478,HKD063|44.1060|145.2478,6645112942,8.0,348.9,1.1234,,0.0,1
HKD065,43.7938,145.0565,HKD065|43.7938|145.0565,6545505423,10.0,282.5,1.3447,,0.0,1
HKD066,43.6619,145.1307,HKD066|43.6619|145.1307,6545319014,18.0,194.5,1.8484,,0.0,1
HKD067,43.555,144.9726,HKD067|43.5550|144.9726,6544276742,10.0,244.7,1.5201,,0.0,1
HKD068,43.4108,144.7704,HKD068|43.4108|144.7704,6544069123,9.0,275.7,1.3732,,0.0,1
HKD069,43.3941,145.1168,HKD069|43.3941|145.1168,6545007914,9.0,273.4,1.383,,0.0,1
HKD070,43.3852,145.284,HKD070|43.3852|145.2840,6545026221,15.0,144.9,2.3746,,0.0,1
HKD071,43.2326,145.2604,HKD071|43.2326|145.2604,6445627044,9.0,247.4,1.506,,0.0,1
HKD072,43.1948,145.5209,HKD072|43.1948|145.5209,6445643123,9.0,242.1,1.5337,,0.0,1
HKD073,43.3327,145.6003,HKD073|43.3327|145.6003,6445749833,9.0,274.4,1.3784,,0.0,1
HKD074,43.368,145.8026,HKD074|43.3680|145.8026,6545064411,9.0,246.1,1.5125,,0.0,1
HKD074,43.3687,145.8028,HKD074|43.3687|145.8028,6545064411,9.0,246.1,1.5125,,0.0,1
HKD075,43.0767,145.1296,HKD075|43.0767|145.1296,6445419012,9.0,280.2,1.3541,,0.0,1
HKD076,43.0509,144.8498,HKD076|43.0509|144.8498,6444466722,20.0,245.6,1.5155,,0.0,1
HKD077,42.9845,144.3824,HKD077|42.9845|144.3824,6444338021,16.0,260.2,1.4425,,0.0,1
HKD078,43.1486,144.4976,HKD078|43.1486|144.4976,6444537944,8.0,316.4,1.2209,,0.0,1
HKD079,43.3033,144.5996,HKD079|43.3033|144.5996,6444746724,8.0,272.0,1.389,,0.0,1
HKD080,43.5077,144.4485,HKD080|43.5077|144.4485,6544230544,5.0,273.5,1.3824,,0.0,1
HKD081,43.6427,144.3901,HKD081|43.6427|144.3901,6544337111,5.0,291.9,1.3078,,0.0,1
HKD082,43.4369,144.0855,HKD082|43.4369|144.0855,6544102624,8.0,404.4,0.9908,,0.0,1
HKD083,43.233,144.3248,HKD083|43.2330|144.3248,6444627544,8.0,284.9,1.3351,,0.0,1
HKD084,43.1141,144.123,HKD084|43.1141|144.1230,6444503942,10.0,307.9,1.2497,,0.0,1
HKD085,42.9581,144.0697,HKD085|42.9581|144.0697,6444304543,15.0,207.5,1.749,,0.0,1
HKD086,42.8526,143.8636,HKD086|42.8526|143.8636,6443262913,8.0,398.6,1.003,,0.0,1
HKD086,42.8542,143.8579,HKD086|42.8542|143.8579,6443262841,13.0,169.0,2.0834,,0.0,1
HKD087,43.1502,143.8916,HKD087|43.1502|143.8916,6443578112,8.0,508.2,0.8155,,0.0,1
HKD088,43.4716,143.7483,HKD088|43.4716|143.7483,6543156942,1.0,641.3,0.6689,,0.0,1
HKD089,43.2436,143.5544,HKD089|43.2436|143.5544,6443649412,10.0,365.0,1.0812,,0.0,1
HKD090,43.1213,143.6183,HKD090|43.1213|143.6183,6443544932,10.0,357.6,1.1001,,0.0,1
HKD091,42.8087,143.6588,HKD091|42.8087|143.6588,6443157221,10.0,285.6,1.3325,,0.0,1
HKD092,42.9283,143.4483,HKD092|42.9283|143.4483,6443331524,13.0,168.1,2.0932,,0.0,1
HKD093,43.3191,143.3049,HKD093|43.3191|143.3049,6443728414,8.0,510.6,0.8122,,0.0,1
HKD094,43.1694,143.2408,HKD094|43.1694|143.2408,6443610914,8.0,326.8,1.188,,0.0,1
HKD095,42.9311,143.2137,HKD095|42.9311|143.2137,6443311731,11.0,308.5,1.2477,,0.0,1
HKD096,42.6975,143.1356,HKD096|42.6975|143.1356,6443013042,8.0,359.8,1.0945,,0.0,1
HKD097,42.6181,143.4209,HKD097|42.6181|143.4209,6343734321,10.0,324.9,1.1937,,0.0,1
HKD098,42.4984,143.2787,HKD098|42.4984|143.2787,6343529234,8.0,420.8,0.9577,,0.0,1
HKD099,43.0736,142.8395,HKD099|43.0736|142.8395,6442468733,9.0,312.7,1.2334,,0.0,1
HKD100,42.2864,143.312,HKD100|42.2864|143.3120,6343324424,8.0,440.8,0.9205,,0.0,1
HKD101,43.3338,142.9473,HKD101|43.3338|142.9473,6542070522,8.0,524.5,0.7938,,0.0,1
HKD102,42.8775,142.4484,HKD102|42.8775|142.4484,6442235524,8.0,517.7,0.8027,,0.0,1
HKD103,42.7275,142.2973,HKD103|42.7275|142.2973,6442027324,8.0,455.5,0.8952,,0.0,1
HKD104,42.5886,142.131,HKD104|42.5886|142.1310,6342710032,9.0,318.5,1.2144,,0.0,1
HKD105,42.4825,142.0543,HKD105|42.4825|142.0543,6342507434,18.0,194.5,1.8484,,0.0,1
HKD106,42.3414,142.3688,HKD106|42.3414|142.3688,6342420943,13.0,159.4,2.1904,,0.0,1
HKD107,42.4194,142.4992,HKD107|42.4194|142.4992,6342530924,10.0,344.9,1.1347,,0.0,1
HKD109,42.1678,142.7673,HKD109|42.1678|142.7673,6342260112,20.0,253.3,1.4761,,0.0,1
HKD110,42.1306,142.9353,HKD110|42.1306|142.9353,6342175442,15.0,207.5,1.749,,0.0,1
HKD111,42.017,143.1487,HKD111|42.0170|143.1487,6343012122,15.0,207.5,1.749,,0.0,1
HKD112,41.937,143.2403,HKD112|41.9370|143.2403,6243712913,8.0,361.9,1.0889,,0.0,1
HKD113,42.1287,143.3153,HKD113|42.1287|143.3153,6343125513,15.0,207.5,1.749,,0.0,1
HKD115,44.0071,142.1484,HKD115|44.0071|142.1484,6642010144,13.0,187.8,1.9042,,0.0,1
HKD119,43.5199,142.1914,HKD119|43.5199|142.1914,6542212514,8.0,466.6,0.8769,,0.0,1
HKD124,42.9986,141.7904,HKD124|42.9986|141.7904,6441369333,13.0,177.9,1.9945,,0.0,1
HKD125,42.7608,142.1346,HKD125|42.7608|142.1346,6442111024,8.0,471.7,0.8689,,0.0,1
HKD126,42.575,141.9279,HKD126|42.5750|141.9279,6341679411,13.0,160.1,2.182,,0.0,1
HKD127,42.8741,141.8204,HKD127|42.8741|141.8204,6441264543,9.0,281.3,1.3497,,0.0,1
HKD128,42.7655,141.8221,HKD128|42.7655|141.8221,6441161544,9.0,281.6,1.3486,,0.0,1
HKD129,42.6344,141.6057,HKD129|42.6344|141.6057,6341746812,16.0,260.2,1.4425,,0.0,1
HKD130,42.5627,141.3499,HKD130|42.5627|141.3499,6341627742,6.0,405.6,0.9882,,0.0,1
HKD131,42.4211,141.0814,HKD131|42.4211|141.0814,6341500641,10.0,269.9,1.398,,0.0,1
HKD132,42.3483,141.0319,HKD132|42.3483|141.0319,6341401243,15.0,207.5,1.749,,0.0,1
HKD133,42.4727,140.8658,HKD133|42.4727|140.8658,6340566932,5.0,259.2,1.4474,,0.0,1
HKD134,42.6711,141.0791,HKD134|42.6711|141.0791,6441000632,8.0,494.3,0.8349,,0.0,1
HKD135,42.5533,140.8866,HKD135|42.5533|140.8866,6340676024,8.0,359.6,1.0948,,0.0,1
HKD136,42.5894,140.6436,HKD136|42.5894|140.6436,6340750132,15.0,207.5,1.749,,0.0,1
HKD138,43.2921,140.6014,HKD138|43.2921|140.6014,6440745811,8.0,422.6,0.9543,,0.0,1
HKD142,43.0846,140.82,HKD142|43.0846|140.8200,6440560521,8.0,443.8,0.9153,,0.0,1
HKD144,42.9057,140.7672,HKD144|42.9057|140.7672,6440268132,13.0,181.2,1.9635,,0.0,1
HKD145,42.7977,140.9364,HKD145|42.7977|140.9364,6440175442,10.0,371.8,1.0642,,0.0,1
HKD147,42.8051,140.5302,HKD147|42.8051|140.5302,6440146232,8.0,442.1,0.9183,,0.0,1
HKD148,42.6677,140.3122,HKD148|42.6677|140.3122,6440020422,10.0,313.2,1.2318,,0.0,1
HKD149,42.7904,140.2305,HKD149|42.7904|140.2305,6440114834,8.0,438.9,0.924,,0.0,1
HKD151,42.4944,140.3539,HKD151|42.4944|140.3539,6340529814,15.0,195.9,1.8369,,0.0,1
HKD155,42.0436,140.8064,HKD155|42.0436|140.8064,6340065421,8.0,252.9,1.4777,,0.0,1
HKD156,41.8995,140.6958,HKD156|41.8995|140.6958,6240657543,8.0,475.5,0.8631,,0.0,1
HKD157,41.9051,140.9697,HKD157|41.9051|140.9697,6240678741,8.0,447.6,0.9086,,0.0,1
HKD158,41.8345,141.1411,HKD158|41.8345|141.1411,6241610112,15.0,202.8,1.7835,,0.0,1
HKD159,41.7162,141.0025,HKD159|41.7162|141.0025,6241405033,8.0,441.1,0.92,,0.0,1
HKD161,41.6795,140.4334,HKD161|41.6795|140.4334,6240431441,15.0,207.5,1.749,,0.0,1
HKD162,41.4862,140.247,HKD162|41.4862|140.2470,6240118924,10.0,281.9,1.3472,,0.0,1
HKD163,41.4339,140.1115,HKD163|41.4339|140.1115,6240102822,10.0,270.3,1.3965,,0.0,1
HKD166,42.2286,139.8184,HKD166|42.2286|139.8184,6339267514,8.0,455.2,0.8957,,0.0,1
HKD167,42.1297,139.9815,HKD167|42.1297|139.9815,6339175841,8.0,432.4,0.9358,,0.0,1
HKD169,41.9352,140.3695,HKD169|41.9352|140.3695,6240722921,8.0,474.6,0.8644,,0.0,1
HKD170,41.7492,140.2512,HKD170|41.7492|140.2512,6240429033,8.0,477.3,0.8603,,0.0,1
HKD171,41.6487,139.9976,HKD171|41.6487|139.9976,6239377944,8.0,450.6,0.9036,,0.0,1
HKD172,42.2397,139.552,HKD172|42.2397|139.5520,6339248433,7.0,351.4,1.1167,,0.0,1
HKD173,42.0661,139.4515,HKD173|42.0661|139.4515,6339037633,17.0,194.5,1.8484,,0.0,1
HKD175,43.6015,141.3882,HKD175|43.6015|141.3882,6541332111,8.0,448.4,0.9072,,0.0,1
HKD179,43.2237,141.5171,HKD179|43.2237|141.5171,6441646134,13.0,165.6,2.12,,0.0,1
HKD180,43.139,141.3513,HKD180|43.1390|141.3513,6441526831,13.0,149.0,2.319,,0.0,1
HKD181,43.1161,141.5462,HKD181|43.1161|141.5462,6441543343,9.0,199.4,1.8097,,0.0,1
HKD183,42.9721,141.1651,HKD183|42.9721|141.1651,6441316331,8.0,525.6,0.7924,,0.0,1
HKD185,42.7755,141.4021,HKD185|42.7755|141.4021,6441133211,5.0,330.3,1.1771,,0.0,1
HRS001,35.0337,132.9018,HRS001|35.0337|132.9018,5232474211,8.0,539.0,0.7756,,0.0,1
HRS002,34.8951,133.2755,HRS002|34.8951|133.2755,5233227213,10.0,452.6,0.9,,0.0,1
HRS003,34.8143,132.8418,HRS003|34.8143|132.8418,5232167732,10.0,405.3,0.9888,,0.0,1
HRS004,34.7262,132.2772,HRS004|34.7262|132.2772,5232027211,10.0,497.1,0.831,,0.0,1
HRS005,34.777,133.2807,HRS005|34.7770|133.2807,5233123212,3.0,403.7,0.9922,,0.0,1
HRS006,34.6659,132.4077,HRS006|34.6659|132.4077,5132739243,10.0,466.3,0.8775,,0.0,1
HRS007,34.7032,133.0946,HRS007|34.7032|133.0946,5233004723,1.0,775.5,0.5689,,0.0,1
HRS008,34.6107,132.7193,HRS008|34.6107|132.7193,5132753723,10.0,418.4,0.9624,,0.0,1
HRS009,34.4926,132.2794,HRS009|34.4926|132.2794,5132529212,8.0,504.3,0.8209,,0.0,1
HRS010,34.5868,133.0488,HRS010|34.5868|133.0488,5133700324,10.0,447.4,0.909,,0.0,1
HRS010,34.5887,133.0501,HRS010|34.5887|133.0501,5133700431,10.0,453.3,0.8989,,0.0,1
HRS011,34.5676,133.2362,HRS011|34.5676|133.2362,5133618822,10.0,308.6,1.2472,,0.0,1
HRS012,34.4276,132.7422,HRS012|34.4276|132.7422,5132551914,11.0,366.1,1.0783,,0.0,1
HRS013,34.3768,132.4505,HRS013|34.3768|132.4505,5132435611,19.0,229.9,1.6029,,0.0,1
HRS014,34.2869,132.2766,HRS014|34.2869|132.2766,5132324213,19.0,236.3,1.5657,,0.0,1
HRS015,34.4849,133.3615,HRS015|34.4849|133.3615,5133528822,15.0,207.5,1.749,,0.0,1
HRS016,34.4198,133.1971,HRS016|34.4198|133.1971,5133510524,1.0,775.5,0.5689,,0.0,1
HRS017,34.404,133.0832,HRS017|34.4040|133.0832,5133408623,15.0,207.5,1.749,,0.0,1
HRS018,34.3413,132.9068,HRS018|34.3413|132.9068,5132470243,19.0,236.3,1.5657,,0.0,1
HRS019,34.2485,132.5647,HRS019|34.2485|132.5647,5132249533,19.0,236.3,1.5657,,0.0,1
HRS020,34.3027,133.1693,HRS020|34.3027|133.1693,5133316323,3.0,428.5,0.9431,,0.0,1
HRS021,34.9529,133.1171,HRS021|34.9529|133.1171,5233304914,1.0,775.5,0.5689,,0.0,1
HYG001,35.6194,134.45,HYG001|35.6194|134.4500,5334334524,17.0,194.5,1.8484,,0.0,1
HYG002,35.6411,134.6284,HYG002|35.6411|134.6284,5334356034,16.0,260.2,1.4425,,0.0,1
HYG003,35.4615,134.8758,HYG003|35.4615|134.8758,5334175013,12.0,215.3,1.6954,,0.0,1
HYG004,35.4582,134.5748,HYG004|35.4582|134.5748,5334144544,2.0,400.3,0.9994,,0.0,1
HYG005,35.3407,134.8619,HYG005|35.3407|134.8619,5334060844,10.0,364.6,1.0822,,0.0,1
HYG006,35.3326,134.6652,HYG006|35.3326|134.6652,5234759333,8.0,500.4,0.8264,,0.0,1
HYG007,35.1637,134.5459,HYG007|35.1637|134.5459,5234549341,11.0,377.8,1.0499,,0.0,1
HYG008,35.1482,134.788,HYG008|35.1482|134.7880,5234567333,1.0,775.5,0.5689,,0.0,1
HYG009,35.169,135.1041,HYG009|35.1690|135.1041,5235600814,10.0,370.2,1.0683,,0.0,1
HYG010,35.0593,135.1777,HYG010|35.0593|135.1777,5235417411,8.0,484.8,0.8488,,0.0,1
HYG011,34.9848,134.3228,HYG011|34.9848|134.3228,5234328522,10.0,370.8,1.0667,,0.0,1
HYG012,34.9959,134.552,HYG012|34.9959|134.5520,5234349431,10.0,357.3,1.1009,,0.0,1
HYG013,34.989,134.7634,HYG013|34.9890|134.7634,5234368131,10.0,371.8,1.0644,,0.0,1
HYG014,35.0023,134.9999,HYG014|35.0023|134.9999,5234470924,8.0,472.0,0.8684,,0.0,1
HYG015,34.9515,135.2713,HYG015|34.9515|135.2713,5235324121,1.0,775.5,0.5689,,0.0,1
HYG016,34.7551,134.39,HYG016|34.7551|134.3900,5234130131,15.0,207.5,1.749,,0.0,1
HYG017,34.8593,134.5445,HYG017|34.8593|134.5445,5234243321,11.0,299.4,1.2801,,0.0,1
HYG018,34.8143,134.687,HYG018|34.8143|134.6870,5234157442,11.0,266.3,1.4142,,0.0,1
HYG019,34.832,134.8236,HYG019|34.8320|134.8236,5234169544,3.0,364.6,1.0821,,0.0,1
HYG020,34.7976,134.9899,HYG020|34.7976|134.9899,5234175931,8.0,424.6,0.9504,,0.0,1
HYG021,34.6898,135.1583,HYG021|34.6898|135.1583,5235012243,1.0,775.5,0.5689,,0.0,1
HYG022,34.7463,135.3499,HYG022|34.7463|135.3499,5235029742,12.0,201.6,1.7927,,0.0,1
HYG023,34.6444,134.9999,HYG023|34.6444|134.9999,5134777924,16.0,260.2,1.4425,,0.0,1
HYG024,34.5321,134.9902,HYG024|34.5321|134.9902,5134673933,15.0,207.5,1.749,,0.0,1
HYG025,34.3405,134.9014,HYG025|34.3405|134.9014,5134470233,16.0,260.2,1.4425,,0.0,1
HYG026,34.4149,134.7925,HYG026|34.4149|134.7925,5134469334,3.0,476.2,0.8619,,0.0,1
HYG027,34.2499,134.7292,HYG027|34.2499|134.7292,5134259834,3.0,422.6,0.9542,,0.0,1
IBR001,36.7761,140.3569,IBR001|36.7761|140.3569,5540123821,10.0,482.0,0.8531,1028.7,1.0,1
IBR002,36.7061,140.7068,IBR002|36.7061|140.7068,5540054641,15.0,245.2,1.5173,442.4,1.0,1
IBR003,36.5915,140.6453,IBR003|36.5915|140.6453,5440750143,9.0,342.5,1.1414,425.9,1.0,1
IBR004,36.5273,140.4094,IBR004|36.5273|140.4094,5440633224,9.0,308.6,1.2474,531.4,1.0,1
IBR005,36.3851,140.2372,IBR005|36.3851|140.2372,5440416822,9.0,421.3,0.9568,934.9,1.0,1
IBR006,36.369,140.4528,IBR006|36.3690|140.4528,5440434613,13.0,260.7,1.4401,500.0,1.0,1
IBR007,36.3523,140.5955,IBR007|36.3523|140.5955,5440442723,9.0,350.0,1.1204,448.2,1.0,1
IBR008,36.3062,139.9828,IBR008|36.3062|139.9828,5439376841,11.0,294.9,1.2964,366.4,1.0,1
IBR009,36.1848,139.7037,IBR009|36.1848|139.7037,5439252612,9.0,234.5,1.5762,350.0,1.0,1
IBR010,36.1843,139.9653,IBR010|36.1843|139.9653,5439272711,9.0,136.1,2.5053,380.0,1.0,1
IBR011,36.1251,140.0903,IBR011|36.1251|140.0903,5440105711,9.0,222.6,1.6479,390.8,1.0,1
IBR012,36.1901,140.2869,IBR012|36.1901|140.2869,5440222244,10.0,198.1,1.8197,413.9,1.0,1
IBR013,36.1587,140.4892,IBR013|36.1587|140.4892,5440139911,9.0,268.5,1.4044,371.4,1.0,1
IBR014,36.0729,140.1947,IBR014|36.0729|140.1947,5440018541,9.0,196.0,1.836,395.9,1.0,1
IBR015,36.0693,139.908,IBR015|36.0693|139.9080,5439078223,9.0,231.6,1.5928,408.7,1.0,1
IBR016,35.9112,140.0494,IBR016|35.9112|140.0494,5340609324,10.0,253.6,1.4744,423.3,1.0,1
IBR017,35.9537,140.3194,IBR017|35.9537|140.3194,5340724523,16.0,180.7,1.9677,460.2,1.0,1
IBR018,35.977,140.6322,IBR018|35.9770|140.6322,5340757021,9.0,273.8,1.3813,353.2,1.0,1
IBR019,36.8808,140.6544,IBR019|36.8808|140.6544,5540255232,10.0,432.7,0.9353,792.7,1.0,1
ISK001,37.4999,137.1764,ISK001|37.4999|137.1764,5637119433,1.0,641.3,0.6689,,0.0,1
ISK002,37.4443,137.2877,ISK002|37.4443|137.2877,5637123313,16.0,260.2,1.4425,,0.0,1
ISK003,37.3919,136.9083,ISK003|37.3919|136.9083,5636077221,15.0,207.5,1.749,,0.0,1
ISK004,37.308,137.147,ISK004|37.3080|137.1470,5537716144,16.0,260.2,1.4425,,0.0,1
ISK005,37.2307,136.9039,ISK005|37.2307|136.9039,5536677232,15.0,207.5,1.749,,0.0,1
ISK006,37.1598,136.6892,ISK006|37.1598|136.6892,5536559511,3.0,408.5,0.9822,,0.0,1
ISK006,37.1602,136.6897,ISK006|37.1602|136.6897,5536559511,3.0,408.5,0.9822,,0.0,1
ISK007,37.0427,136.9681,ISK007|37.0427|136.9681,5536475712,15.0,202.8,1.7835,,0.0,1
ISK008,36.8918,136.7783,ISK008|36.8918|136.7783,5536267212,17.0,194.5,1.8484,,0.0,1
ISK009,36.7318,136.6989,ISK009|36.7318|136.6989,5536057544,17.0,194.5,1.8484,,0.0,1
ISK010,36.5419,136.6431,ISK010|36.5419|136.6431,5436655112,8.0,371.1,1.0659,,0.0,1
ISK011,36.3967,136.4432,ISK011|36.3967|136.4432,5436437532,15.0,187.0,1.9112,,0.0,1
ISK012,36.3575,136.6045,ISK012|36.3575|136.6045,5436442834,8.0,500.5,0.8262,,0.0,1
ISK013,36.1769,136.6245,ISK013|36.1769|136.6245,5436241922,8.0,561.6,0.7489,,0.0,1
ISK013,36.1805,136.6247,ISK013|36.1805|136.6247,5436241942,8.0,551.6,0.7605,,0.0,1
ISK014,36.3028,136.3154,ISK014|36.3028|136.3154,5436326513,13.0,165.8,2.118,,0.0,1
IWT001,40.4099,141.7191,IWT001|40.4099|141.7191,6041459721,9.0,197.4,1.8251,,0.0,1
IWT002,40.1819,141.7641,IWT002|40.1819|141.7641,6041261133,3.0,468.1,0.8746,,0.0,1
IWT003,40.0083,141.8861,IWT003|40.0083|141.8861,6041070044,10.0,267.3,1.4099,,0.0,1
IWT004,39.7369,141.9697,IWT004|39.7369|141.9697,5941478723,15.0,207.5,1.749,,0.0,1
IWT005,39.6472,141.9464,IWT005|39.6472|141.9464,5941377541,15.0,207.5,1.749,,0.0,1
IWT006,39.4806,141.9652,IWT006|39.4806|141.9652,5941177731,1.0,775.5,0.5689,,0.0,1
IWT007,39.2701,141.8561,IWT007|39.2701|141.8561,5841762814,1.0,775.5,0.5689,,0.0,1
IWT008,39.0815,141.7083,IWT008|39.0815|141.7083,5841459643,3.0,418.2,0.9628,,0.0,1
IWT009,39.0187,141.4031,IWT009|39.0187|141.4031,5841432211,10.0,399.7,1.0006,,0.0,1
IWT010,38.9334,141.1173,IWT010|38.9334|141.1173,5841302912,8.0,429.9,0.9405,,0.0,1
IWT011,39.1454,141.152,IWT011|39.1454|141.1520,5841517213,11.0,316.2,1.2218,,0.0,1
IWT012,39.3209,141.1378,IWT012|39.3209|141.1378,5841718131,12.0,242.0,1.5344,,0.0,1
IWT013,39.3367,141.5378,IWT013|39.3367|141.5378,5941040313,10.0,429.6,0.9411,,0.0,1
IWT014,39.4844,141.147,IWT014|39.4844|141.1470,5941118122,13.0,177.6,1.9969,,0.0,1
IWT015,39.318,140.7792,IWT015|39.3180|140.7792,5840768212,8.0,521.5,0.7977,,0.0,1
IWT016,39.5997,141.6789,IWT016|39.5997|141.6789,5941351434,8.0,511.2,0.8114,,0.0,1
IWT017,39.6336,141.4376,IWT017|39.6336|141.4376,5941336511,8.0,548.6,0.764,,0.0,1
IWT018,39.6953,141.1478,IWT018|39.6953|141.1478,5941413124,11.0,341.8,1.1433,,0.0,1
IWT019,39.8428,141.7952,IWT019|39.8428|141.7952,5941661321,8.0,477.3,0.8603,,0.0,1
IWT019,39.8491,141.8034,IWT019|39.8491|141.8034,5941661434,8.0,481.0,0.8546,,0.0,1
IWT020,39.7841,141.3295,IWT020|39.7841|141.3295,5941524612,10.0,505.1,0.8197,,0.0,1
IWT021,39.9203,141.082,IWT021|39.9203|141.0820,5941700623,5.0,275.2,1.3754,,0.0,1
IWT022,40.1011,141.0523,IWT022|40.1011|141.0523,6041102411,10.0,444.3,0.9144,,0.0,1
IWT023,40.0366,141.4502,IWT023|40.0366|141.4502,6041034613,10.0,467.5,0.8756,,0.0,1
IWT024,40.2632,141.2901,IWT024|40.2632|141.2901,6041321331,8.0,480.1,0.856,,0.0,1
IWT025,39.5169,140.8301,IWT025|39.5169|140.8301,5940262612,11.0,392.8,1.0155,,0.0,1
KGS001,32.1947,130.1763,KGS001|32.1947|130.1763,4830213413,4.0,510.4,0.8125,,0.0,1
KGS002,32.0909,130.3532,KGS002|32.0909|130.3532,4830120834,11.0,290.4,1.3137,,0.0,1
KGS003,32.0559,130.5874,KGS003|32.0559|130.5874,4830046642,6.0,405.6,0.9882,,0.0,1
KGS004,32.0145,130.1927,KGS004|32.0145|130.1927,4830011532,15.0,207.5,1.749,,0.0,1
KGS005,31.9006,130.4513,KGS005|31.9006|130.4513,4730638611,6.0,405.6,0.9882,,0.0,1
KGS006,31.906,130.7021,KGS006|31.9060|130.7021,4730658631,10.0,312.4,1.2343,,0.0,1
KGS007,31.8143,130.3032,KGS007|31.8143|130.3032,4730527432,13.0,166.8,2.1073,,0.0,1
KGS008,31.7621,130.5699,KGS008|31.7621|130.5699,4730541523,8.0,325.7,1.1914,,0.0,1
KGS009,31.7368,130.7613,KGS009|31.7368|130.7613,4730468024,13.0,156.3,2.227,,0.0,1
KGS010,31.7123,130.2735,KGS010|31.7123|130.2735,4730425124,6.0,405.6,0.9882,,0.0,1
KGS011,31.5896,130.349,KGS011|31.5896|130.3490,4730320744,15.0,207.5,1.749,,0.0,1
KGS012,31.6057,130.574,KGS012|31.6057|130.5740,4730342542,20.0,193.4,1.8573,,0.0,1
KGS013,31.5973,130.9938,KGS013|31.5973|130.9938,4730371941,10.0,323.6,1.1979,,0.0,1
KGS014,31.496,130.6999,KGS014|31.4960|130.6999,4730159542,16.0,260.2,1.4425,,0.0,1
KGS015,31.4304,131.011,KGS015|31.4304|131.0110,4731101042,5.0,206.7,1.7551,,0.0,1
KGS016,31.4162,130.3225,KGS016|31.4162|130.3225,4730029544,14.0,183.8,1.9397,,0.0,1
KGS017,31.3954,130.8702,KGS017|31.3954|130.8702,4730067923,5.0,255.9,1.4632,,0.0,1
KGS018,31.3757,130.5449,KGS018|31.3757|130.5449,4730045321,16.0,260.2,1.4425,,0.0,1
KGS019,31.2776,130.3008,KGS019|31.2776|130.3008,4630723413,6.0,405.6,0.9882,,0.0,1
KGS020,31.2396,130.4915,KGS020|31.2396|130.4915,4630638934,5.0,267.3,1.41,,0.0,1
KGS021,31.2535,130.6324,KGS021|31.2535|130.6324,4630750023,5.0,256.1,1.4619,,0.0,1
KGS022,31.2804,131.0504,KGS022|31.2804|131.0504,4631703431,11.0,288.5,1.3211,,0.0,1
KGS023,31.199,130.849,KGS023|31.1990|130.8490,4630663744,10.0,408.6,0.982,,0.0,1
KGS024,31.0888,130.6982,KGS024|31.0888|130.6982,4630550542,6.0,405.6,0.9882,,0.0,1
KGS025,30.7319,130.9977,KGS025|30.7319|130.9977,4630077944,9.0,280.1,1.3548,,0.0,1
KGS027,30.3488,130.8829,KGS027|30.3488|130.8829,4530471043,9.0,322.1,1.2027,,0.0,1
KGS028,30.4208,130.5769,KGS028|30.4208|130.5769,4530540613,9.0,308.9,1.2465,,0.0,1
KGS029,30.2363,130.5553,KGS029|30.2363|130.5553,4530248414,9.0,312.0,1.2357,,0.0,1
KGS036,31.836,129.8678,KGS036|31.8360|129.8678,4729660914,1.0,641.3,0.6689,,0.0,1
KGS037,31.639,129.7078,KGS037|31.6390|129.7078,4729356641,16.0,260.2,1.4425,,0.0,1
KGW001,34.5466,134.2814,KGW001|34.5466|134.2814,5134625241,20.0,253.3,1.4761,,0.0,1
KGW002,34.4727,134.3139,KGW002|34.4727|134.3139,5134526531,20.0,253.3,1.4761,,0.0,1
KGW003,34.2652,133.7896,KGW003|34.2652|133.7896,5133361333,14.0,183.8,1.9397,,0.0,1
KGW004,34.3435,134.0456,KGW004|34.3435|134.0456,5134401321,15.0,207.5,1.749,,0.0,1
KGW005,34.1138,133.6354,KGW005|34.1138|133.6354,5133153042,19.0,213.8,1.7052,,0.0,1
KGW006,34.2496,134.1856,KGW006|34.2496|134.1856,5134219444,3.0,387.7,1.0269,,0.0,1
KGW007,34.2271,134.4009,KGW007|34.2271|134.4009,5134237213,16.0,260.2,1.4425,,0.0,1
KGW008,34.1644,133.9243,KGW008|34.1644|133.9243,5133179342,11.0,361.9,1.0891,,0.0,1
KMM001,33.1208,131.0687,KMM001|33.1208|131.0687,4931504514,8.0,398.4,1.0034,,0.0,1
KMM002,33.0185,130.6846,KMM002|33.0185|130.6846,4930452422,9.0,259.4,1.4464,,0.0,1
KMM003,32.9336,130.5477,KMM003|32.9336|130.5477,4930342322,5.0,264.1,1.4241,,0.0,1
KMM004,32.932,131.1214,KMM004|32.9320|131.1214,4931301943,5.0,283.9,1.3392,,0.0,1
KMM005,32.8761,130.8774,KMM005|32.8761|130.8774,4930275011,9.0,304.8,1.2605,,0.0,1
KMM006,32.7875,130.7696,KMM006|32.7875|130.7696,4930164141,9.0,255.8,1.4637,,0.0,1
KMM007,32.8267,131.1226,KMM007|32.8267|131.1226,4931109922,5.0,292.9,1.3041,,0.0,1
KMM008,32.6878,130.6582,KMM008|32.6878|130.6582,4930052241,15.0,193.2,1.8586,,0.0,1
KMM009,32.6856,130.9892,KMM009|32.6856|130.9892,4930072913,6.0,405.6,0.9882,,0.0,1
KMM010,32.6136,130.4874,KMM010|32.6136|130.4874,4830733842,19.0,213.8,1.7052,,0.0,1
KMM011,32.6167,130.8652,KMM011|32.6167|130.8652,4830764911,10.0,401.8,0.9962,,0.0,1
KMM012,32.5078,130.6024,KMM012|32.5078|130.6024,4830640833,16.0,260.2,1.4425,,0.0,1
KMM013,32.365,130.5099,KMM013|32.3650|130.5099,4830443044,15.0,207.5,1.749,,0.0,1
KMM014,32.3961,130.8268,KMM014|32.3961|130.8268,4830467631,6.0,405.6,0.9882,,0.0,1
KMM014,32.3987,130.8244,KMM014|32.3987|130.8244,4830467544,10.0,441.1,0.92,,0.0,1
KMM015,32.2161,130.4046,KMM015|32.2161|130.4046,4830235234,15.0,177.8,1.9955,,0.0,1
KMM016,32.1966,130.7757,KMM016|32.1966|130.7757,4830263231,6.0,405.6,0.9882,,0.0,1
KMM016,32.2175,130.7257,KMM016|32.2175|130.7257,4830256811,10.0,328.0,1.1843,,0.0,1
KMM017,32.2561,130.9257,KMM017|32.2561|130.9257,4830370431,11.0,353.5,1.1111,,0.0,1
KMM018,32.3942,130.3885,KMM018|32.3942|130.3885,4830437113,1.0,775.5,0.5689,,0.0,1
KMM019,32.4589,130.1938,KMM019|32.4589|130.1938,4830515521,19.0,236.3,1.5657,,0.0,1
KMM020,32.3636,130.1807,KMM020|32.3636|130.1807,4830413432,10.0,270.1,1.3971,,0.0,1
KMM021,32.3792,129.9977,KMM021|32.3792|129.9977,4829475942,15.0,207.5,1.749,,0.0,1
KMM022,32.1945,130.0265,KMM022|32.1945|130.0265,4830203213,15.0,207.5,1.749,,0.0,1
KNG001,35.5291,139.7062,KNG001|35.5291|139.7062,5339253614,15.0,198.8,1.8139,437.5,1.0,1
KNG002,35.4371,139.634,KNG002|35.4371|139.6340,5339152023,19.0,181.7,1.9592,442.6,1.0,1
KNG003,35.2727,139.6579,KNG003|35.2727|139.6579,5239752241,3.0,391.3,1.0189,500.0,1.0,1
KNG004,35.1441,139.6218,KNG004|35.1441|139.6218,5239547923,9.0,299.5,1.2797,422.1,1.0,1
KNG005,35.3192,139.5462,KNG005|35.3192|139.5462,5239748323,3.0,391.3,1.0189,500.0,1.0,1
KNG005,35.3194,139.549,KNG005|35.3194|139.5490,5239748324,15.0,277.8,1.3644,505.1,1.0,1
KNG006,35.4544,139.5387,KNG006|35.4544|139.5387,5339144331,10.0,264.1,1.4243,426.5,1.0,1
KNG007,35.3385,139.4901,KNG007|35.3385|139.4901,5339030931,17.0,252.2,1.4814,421.9,1.0,1
KNG008,35.5751,139.3265,KNG008|35.5751|139.3265,5339229611,9.0,302.2,1.2698,451.1,1.0,1
KNG009,35.4424,139.3618,KNG009|35.4424|139.3618,5339123822,13.0,199.7,1.8073,416.9,1.0,1
KNG010,35.3355,139.3504,KNG010|35.3355|139.3504,5339020813,16.0,264.3,1.4232,395.3,1.0,1
KNG011,35.6154,139.1548,KNG011|35.6154|139.1548,5339313234,9.0,488.7,0.8431,1074.3,1.0,1
KNG012,35.3794,139.2048,KNG012|35.3794|139.2048,5339015632,11.0,338.0,1.1543,418.4,1.0,1
KNG013,35.2641,139.152,KNG013|35.2641|139.1520,5239711231,13.0,220.9,1.6582,500.0,1.0,1
KNG014,35.3608,139.0826,KNG014|35.3608|139.0826,5339003623,10.0,302.3,1.2696,500.0,1.0,1
KNG201,34.5956,139.9183,KNG201|34.5956|139.9183,5139771314,,,,,,0
KNG202,34.7396,139.8393,KNG202|34.7396|139.8393,5239068733,,,,,,0
KNG203,34.7983,139.6435,KNG203|34.7983|139.6435,5239155134,,,,,,0
KNG204,34.8931,139.5711,KNG204|34.8931|139.5711,5239247521,,,,,,0
KNG205,34.9413,139.4213,KNG205|34.9413|139.4213,5239332343,,,,,,0
KOC001,33.5275,134.2814,KOC001|33.5275|134.2814,5034223223,16.0,260.2,1.4425,,0.0,1
KOC002,33.2903,134.1681,KOC002|33.2903|134.1681,4934714334,3.0,469.0,0.8732,,0.0,1
KOC003,33.5014,133.9068,KOC003|33.5014|133.9068,5033270221,17.0,194.5,1.8484,,0.0,1
KOC004,33.6975,133.8771,KOC004|33.6975|133.8771,5033473031,8.0,522.3,0.7967,,0.0,1
KOC005,33.5934,133.6921,KOC005|33.5934|133.6921,5033351512,11.0,301.6,1.2721,,0.0,1
KOC006,33.4945,133.4165,KOC006|33.4945|133.4165,5033139314,13.0,168.9,2.084,,0.0,1
KOC007,33.5611,133.5271,KOC007|33.5611|133.5271,5033247213,15.0,207.5,1.749,,0.0,1
KOC008,33.7758,133.3465,KOC008|33.7758|133.3465,5033523721,1.0,775.5,0.5689,,0.0,1
KOC009,33.5742,133.1718,KOC009|33.5742|133.1718,5033218343,7.0,351.4,1.1167,,0.0,1
KOC010,33.3925,133.2896,KOC010|33.3925|133.2896,5033027311,1.0,775.5,0.5689,,0.0,1
KOC011,33.3995,132.8972,KOC011|33.3995|132.8972,5032077144,1.0,775.5,0.5689,,0.0,1
KOC012,33.1967,132.9758,KOC012|33.1967|132.9758,4932673831,10.0,413.0,0.9731,,0.0,1
KOC013,33.0797,133.1015,KOC013|33.0797|133.1015,4933409831,15.0,207.5,1.749,,0.0,1
KOC014,32.9895,132.9377,KOC014|32.9895|132.9377,4932378531,13.0,168.0,2.0939,,0.0,1
KOC015,32.937,132.7252,KOC015|32.9370|132.7252,4932352813,15.0,207.5,1.749,,0.0,1
KOC016,32.7672,132.9711,KOC016|32.7672|132.9711,4932172721,3.0,364.4,1.0827,,0.0,1
KOC017,33.7691,133.6565,KOC017|33.7691|133.6565,5033552223,1.0,775.5,0.5689,,0.0,1
KYT001,35.7406,135.1022,KYT001|35.7406|135.1022,5335408833,16.0,260.2,1.4425,,0.0,1
KYT002,35.6037,134.8941,KYT002|35.6037|134.8941,5334372123,15.0,207.5,1.749,,0.0,1
KYT003,35.6767,135.2919,KYT003|35.6767|135.2919,5335421312,1.0,641.3,0.6689,,0.0,1
KYT004,35.5354,135.196,KYT004|35.5354|135.1960,5335214521,16.0,260.2,1.4425,,0.0,1
KYT005,35.4759,135.3891,KYT005|35.4759|135.3891,5335137111,15.0,207.5,1.749,,0.0,1
KYT006,35.2759,135.1827,KYT006|35.2759|135.1827,5235713421,8.0,449.6,0.9052,,0.0,1
KYT007,35.3057,135.713,KYT007|35.3057|135.7130,5235756731,1.0,775.5,0.5689,,0.0,1
KYT008,35.2612,135.3966,KYT008|35.2612|135.3966,5235731123,8.0,486.2,0.8469,,0.0,1
KYT009,35.1637,135.5016,KYT009|35.1637|135.5016,5235549031,10.0,409.0,0.9813,,0.0,1
KYT010,35.2098,135.7738,KYT010|35.2098|135.7738,5235665122,10.0,476.0,0.8623,,0.0,1
KYT011,35.017,135.5638,KYT011|35.0170|135.5638,5235442511,8.0,437.9,0.9257,,0.0,1
KYT012,34.9962,135.8188,KYT012|34.9962|135.8188,5235369541,11.0,352.6,1.1136,,0.0,1
KYT013,34.8784,135.8047,KYT013|34.8784|135.8047,5235265414,3.0,420.2,0.9589,,0.0,1
KYT014,34.7732,135.9921,KYT014|34.7732|135.9921,5235172934,1.0,775.5,0.5689,,0.0,1
MIE001,35.1718,136.4943,MIE001|35.1718|136.4943,5236630941,8.0,461.8,0.8848,,0.0,1
MIE002,35.0279,136.5073,MIE002|35.0279|136.5073,5236443023,11.0,337.5,1.1558,,0.0,1
MIE003,34.9704,136.6357,MIE003|34.9704|136.6357,5236356024,15.0,182.4,1.952,,0.0,1
MIE004,34.8569,136.4493,MIE004|34.8569|136.4493,5236232544,8.0,434.7,0.9316,,0.0,1
MIE005,34.7677,136.1151,MIE005|34.7677|136.1151,5236102911,13.0,186.8,1.9128,,0.0,1
MIE006,34.7174,136.5054,MIE006|34.7174|136.5054,5236046012,16.0,260.2,1.4425,,0.0,1
MIE007,34.6435,136.3365,MIE007|34.6435|136.3365,5136727622,8.0,444.6,0.9139,,0.0,1
MIE007,34.651,136.3404,MIE007|34.6510|136.3404,5136728711,1.0,641.3,0.6689,,0.0,1
MIE008,34.6285,136.1073,MIE008|34.6285|136.1073,5136705823,8.0,507.9,0.8159,,0.0,1
MIE009,34.5788,136.5276,MIE009|34.5788|136.5276,5136649213,11.0,290.9,1.3116,,0.0,1
MIE010,34.4908,136.7334,MIE010|34.4908|136.7334,5136558843,8.0,399.1,1.002,,0.0,1
MIE011,34.4283,136.3329,MIE011|34.4283|136.3329,5136521623,8.0,478.4,0.8585,,0.0,1
MIE012,34.2544,136.8232,MIE012|34.2544|136.8232,5136360542,8.0,336.0,1.1601,,0.0,1
MIE013,34.2777,136.4996,MIE013|34.2777|136.4996,5136333924,15.0,207.5,1.749,,0.0,1
MIE014,34.0638,136.1687,MIE014|34.0638|136.1687,5136017332,8.0,495.3,0.8335,,0.0,1
MIE015,33.8783,136.0822,MIE015|33.8783|136.0822,5036605623,15.0,207.5,1.749,,0.0,1
MIE016,33.8764,135.9188,MIE016|33.8764|135.9188,5035675321,1.0,641.3,0.6689,,0.0,1
MIE017,34.3624,136.3348,MIE017|34.3624|136.3348,5136423624,8.0,460.1,0.8876,,0.0,1
MYG001,38.9015,141.5684,MYG001|38.9015|141.5684,5841248512,15.0,207.5,1.749,,0.0,1
MYG002,38.7262,141.5109,MYG002|38.7262|141.5109,5841047022,3.0,409.2,0.9808,,0.0,1
MYG003,38.7348,141.3106,MYG003|38.7348|141.3106,5841028422,1.0,775.5,0.5689,,0.0,1
MYG004,38.7292,141.0217,MYG004|38.7292|141.0217,5841007141,3.0,392.7,1.0158,,0.0,1
MYG005,38.7992,140.6507,MYG005|38.7992|140.6507,5840155233,8.0,474.8,0.8641,,0.0,1
MYG006,38.5801,140.9654,MYG006|38.5801|140.9654,5740679731,13.0,164.6,2.1304,,0.0,1
MYG007,38.5876,141.2506,MYG007|38.5876|141.2506,5741720031,8.0,384.1,1.0353,,0.0,1
MYG008,38.5766,141.4518,MYG008|38.5766|141.4518,5741639611,15.0,207.5,1.749,,0.0,1
MYG008,38.5769,141.4514,MYG008|38.5769|141.4514,5741639611,15.0,207.5,1.749,,0.0,1
MYG009,38.4466,140.8874,MYG009|38.4466|140.8874,5740573042,8.0,425.1,0.9495,,0.0,1
MYG010,38.4282,141.2809,MYG010|38.4282|141.2809,5741521214,16.0,260.2,1.4425,,0.0,1
MYG011,38.2972,141.5043,MYG011|38.2972|141.5043,5741345032,8.0,430.2,0.9398,,0.0,1
MYG011,38.3052,141.5044,MYG011|38.3052|141.5044,5741346032,3.0,313.9,1.2293,,0.0,1
MYG012,38.3175,141.0193,MYG012|38.3175|141.0193,5741308121,15.0,207.5,1.749,,0.0,1
MYG012,38.3233,141.0272,MYG012|38.3233|141.0272,5741308233,20.0,253.3,1.4761,,0.0,1
MYG013,38.2663,140.9293,MYG013|38.2663|140.9293,5740371434,13.0,162.5,2.154,,0.0,1
MYG014,38.3177,140.6357,MYG014|38.3177|140.6357,5740358022,8.0,523.8,0.7948,,0.0,1
MYG015,38.1049,140.8699,MYG015|38.1049|140.8699,5740162941,15.0,193.2,1.8586,,0.0,1
MYG016,38.0085,140.621,MYG016|38.0085|140.6210,5740041921,11.0,321.6,1.2042,,0.0,1
MYG017,37.9763,140.7818,MYG017|37.9763|140.7818,5640767221,12.0,205.9,1.7605,,0.0,1
MYZ001,32.705,131.3089,MYZ001|32.7050|131.3089,4931024441,1.0,641.3,0.6689,,0.0,1
MYZ002,32.6978,131.6831,MYZ002|32.6978|131.6831,4931053441,1.0,775.5,0.5689,,0.0,1
MYZ003,32.5659,131.6598,MYZ003|32.5659|131.6598,4831657244,10.0,278.4,1.3616,,0.0,1
MYZ004,32.3889,131.3339,MYZ004|32.3889|131.3339,4831426641,6.0,405.6,0.9882,,0.0,1
MYZ005,32.4281,131.6003,MYZ005|32.4281|131.6003,4831541813,1.0,641.3,0.6689,,0.0,1
MYZ006,32.2565,131.5609,MYZ006|32.2565|131.5609,4831340444,8.0,391.5,1.0185,,0.0,1
MYZ007,32.2353,131.1158,MYZ007|32.2353|131.1158,4831208912,1.0,641.3,0.6689,,0.0,1
MYZ008,32.106,131.3928,MYZ008|32.1060|131.3928,4831132132,9.0,299.1,1.281,,0.0,1
MYZ009,32.0461,130.811,MYZ009|32.0461|130.8110,4830065442,11.0,361.9,1.0889,,0.0,1
MYZ010,31.9968,130.9721,MYZ010|31.9968|130.9721,4730779742,8.0,398.1,1.0042,,0.0,1
MYZ011,31.9951,131.2557,MYZ011|31.9951|131.2557,4731729014,10.0,298.4,1.2837,,0.0,1
MYZ012,31.8723,131.0685,MYZ012|31.8723|131.0685,4731604532,8.0,485.8,0.8474,,0.0,1
MYZ013,31.9087,131.4187,MYZ013|31.9087|131.4187,4731639312,15.0,207.5,1.749,,0.0,1
MYZ014,31.8454,131.3026,MYZ014|31.8454|131.3026,4731621413,8.0,480.6,0.8553,,0.0,1
MYZ015,31.7185,131.0621,MYZ015|31.7185|131.0621,4731406422,8.0,397.3,1.0058,,0.0,1
MYZ016,31.6129,131.3743,MYZ016|31.6129|131.3743,4731323942,13.0,168.9,2.084,,0.0,1
MYZ017,31.4637,131.2277,MYZ017|31.4637|131.2277,4731115831,15.0,207.5,1.749,,0.0,1
MYZ018,31.3985,131.3052,MYZ018|31.3985|131.3052,4731027434,1.0,641.3,0.6689,,0.0,1
MYZ019,32.5006,131.4444,MYZ019|32.5006|131.4444,4831630521,10.0,407.2,0.9849,,0.0,1
MYZ019,32.5017,131.4433,MYZ019|32.5017|131.4433,4831630512,10.0,406.8,0.9858,,0.0,1
MYZ020,32.455,131.147,MYZ020|32.4550|131.1470,4831514142,1.0,775.5,0.5689,,0.0,1
NAR001,34.7154,135.7272,NAR001|34.7154|135.7272,5235055833,3.0,386.6,1.0294,,0.0,1
NAR002,34.6683,135.8352,NAR002|34.6683|135.8352,5235060622,11.0,344.4,1.1359,,0.0,1
NAR003,34.5169,135.7191,NAR003|34.5169|135.7191,5135652721,11.0,327.3,1.1865,,0.0,1
NAR004,34.5277,135.9526,NAR004|34.5277|135.9526,5135673613,10.0,445.5,0.9123,,0.0,1
NAR004,34.528,135.9512,NAR004|34.5280|135.9512,5135673613,10.0,445.5,0.9123,,0.0,1
NAR005,34.3408,135.6883,NAR005|34.3408|135.6883,5135450533,10.0,359.0,1.0965,,0.0,1
NAR006,34.3383,135.9541,NAR006|34.3383|135.9541,5135470632,1.0,775.5,0.5689,,0.0,1
NAR007,34.2213,135.7369,NAR007|34.2213|135.7369,5135256842,1.0,775.5,0.5689,,0.0,1
NAR008,34.1352,136.0046,NAR008|34.1352|136.0046,5136106012,1.0,775.5,0.5689,,0.0,1
NAR009,33.938,135.7552,NAR009|33.9380|135.7552,5035762032,1.0,775.5,0.5689,,0.0,1
NGN001,36.8514,138.366,NGN001|36.8514|138.3660,5538222912,12.0,283.8,1.3396,,0.0,1
NGN002,36.8069,138.2069,NGN002|36.8069|138.2069,5538116643,5.0,308.6,1.2474,,0.0,1
NGN003,36.7403,138.4129,NGN003|36.7403|138.4129,5538038333,8.0,540.7,0.7735,,0.0,1
NGN004,36.6486,138.1938,NGN004|36.6486|138.1938,5438717543,11.0,381.0,1.0424,,0.0,1
NGN006,36.5086,137.8507,NGN006|36.5086|137.8507,5437661811,11.0,408.7,0.9818,,0.0,1
NGN007,36.5339,138.1191,NGN007|36.5339|138.1191,5438604921,11.0,373.5,1.0602,,0.0,1
NGN008,36.4022,138.2491,NGN008|36.4022|138.2491,5438418924,8.0,476.6,0.8612,,0.0,1
NGN009,36.3378,137.8694,NGN009|36.3378|137.8694,5437460941,11.0,400.4,0.9992,,0.0,1
NGN012,36.2564,137.9785,NGN012|36.2564|137.9785,5437370834,11.0,406.8,0.9857,,0.0,1
NGN013,36.1833,137.7852,NGN013|36.1833|137.7852,5437261244,8.0,562.3,0.7482,,0.0,1
NGN014,36.0932,138.483,NGN014|36.0932|138.4830,5438131821,8.0,566.5,0.7434,,0.0,1
NGN014,36.0956,138.4844,NGN014|36.0956|138.4844,5438131824,5.0,344.6,1.1353,,0.0,1
NGN015,36.0454,138.1116,NGN015|36.0454|138.1116,5438005824,15.0,190.9,1.8779,,0.0,1
NGN016,35.9151,138.2421,NGN016|35.9151|138.2421,5338619934,5.0,290.9,1.3118,,0.0,1
NGN017,35.9748,137.8255,NGN017|35.9748|137.8255,5337766633,8.0,574.2,0.7349,,0.0,1
NGN018,35.8132,137.5295,NGN018|35.8132|137.5295,5337547232,8.0,584.4,0.724,,0.0,1
NGN019,35.8562,137.7078,NGN019|35.8562|137.7078,5337652641,8.0,541.5,0.7725,,0.0,1
NGN020,35.8282,137.9532,NGN020|35.8282|137.9532,5337579614,11.0,401.8,0.9963,,0.0,1
NGN021,35.7304,137.9341,NGN021|35.7304|137.9341,5337477441,9.0,364.7,1.0819,,0.0,1
NGN022,35.6079,137.6125,NGN022|35.6079|137.6125,5337342933,8.0,553.4,0.7584,,0.0,1
NGN023,35.5787,138.0338,NGN023|35.5787|138.0338,5338209223,10.0,513.0,0.8089,,0.0,1
NGN024,35.5232,137.8374,NGN024|35.5232|137.8374,5337262644,9.0,366.8,1.0767,,0.0,1
NGN025,35.2807,137.8567,NGN025|35.2807|137.8567,5237763841,2.0,400.3,0.9994,,0.0,1
NGS001,33.3616,129.5383,NGS001|33.3616|129.5383,5029043313,3.0,457.8,0.8914,,0.0,1
NGS002,33.3444,129.7054,NGS002|33.3444|129.7054,5029051614,15.0,207.5,1.749,,0.0,1
NGS003,33.2016,129.4128,NGS003|33.2016|129.4128,4929634311,3.0,435.7,0.9298,,0.0,1
NGS004,33.1808,129.7177,NGS004|33.1808|129.7177,4929651732,3.0,421.6,0.9562,,0.0,1
NGS005,33.0371,129.9171,NGS005|33.0371|129.9171,4929474314,16.0,260.2,1.4425,,0.0,1
NGS007,32.9061,129.7802,NGS007|32.9061|129.7802,4929268232,11.0,288.5,1.321,,0.0,1
NGS008,32.9231,130.1843,NGS008|32.9231|130.1843,4930310443,4.0,510.4,0.8125,,0.0,1
NGS009,32.8456,130.0218,NGS009|32.8456|130.0218,4930201123,3.0,358.1,1.0988,,0.0,1
NGS010,32.7353,129.8763,NGS010|32.7353|129.8763,4929078011,1.0,641.3,0.6689,,0.0,1
NGS011,32.7839,130.2024,NGS011|32.7839|130.2024,4930114611,11.0,318.4,1.2146,,0.0,1
NGS012,32.7884,130.3463,NGS012|32.7884|130.3463,4930124741,5.0,311.8,1.2365,,0.0,1
NGS013,32.5811,129.7596,NGS013|32.5811|129.7596,4829669042,3.0,349.9,1.1209,,0.0,1
NGS014,32.6106,130.1849,NGS014|32.6106|130.1849,4830713424,15.0,188.9,1.8952,,0.0,1
NGS016,32.888,129.0211,NGS016|32.8880|129.0211,4929206141,15.0,207.5,1.749,,0.0,1
NGS019,32.9002,129.9582,NGS019|32.9002|129.9582,4929278621,20.0,245.6,1.5155,,0.0,1
NGS020,34.6609,129.4594,NGS020|34.6609|129.4594,5129739624,1.0,641.3,0.6689,,0.0,1
NGS021,34.3973,129.324,NGS021|34.3973|129.3240,5129427542,10.0,286.2,1.33,,0.0,1
NGS022,34.2029,129.2868,NGS022|34.2029|129.2868,5129224224,1.0,641.3,0.6689,,0.0,1
NGS023,33.7502,129.6899,NGS023|33.7502|129.6899,5029550511,4.0,510.4,0.8125,,0.0,1
NIG001,38.2584,138.4337,NIG001|38.2584|138.4337,5738331421,16.0,260.2,1.4425,,0.0,1
NIG002,38.0745,138.4398,NIG002|38.0745|138.4398,5738038533,20.0,223.1,1.6447,,0.0,1
NIG003,37.9976,138.3226,NIG003|37.9976|138.3226,5638729542,16.0,260.2,1.4425,,0.0,1
NIG004,37.8205,138.2795,NIG004|37.8205|138.2795,5638528214,8.0,355.6,1.1053,,0.0,1
NIG005,37.9204,138.4981,NIG005|37.9204|138.4981,5638730924,8.0,338.3,1.1534,,0.0,1
NIG006,38.4501,139.4961,NIG006|38.4501|139.4961,5739534921,8.0,402.2,0.9954,,0.0,1
NIG007,38.2301,139.4864,NIG007|38.2301|139.4864,5739237842,11.0,270.7,1.3948,,0.0,1
NIG012,37.6863,139.4772,NIG012|37.6863|139.4772,5639432813,8.0,455.9,0.8945,,0.0,1
NIG013,37.7638,138.8834,NIG013|37.7638|138.8834,5638571041,12.0,193.2,1.8587,,0.0,1
NIG014,37.641,138.9559,NIG014|37.6410|138.9559,5638376634,13.0,159.6,2.1871,,0.0,1
NIG015,37.6935,139.1886,NIG015|37.6935|139.1886,5639413511,8.0,439.0,0.9238,,0.0,1
NIG016,37.6421,138.7676,NIG016|37.6421|138.7676,5638367112,17.0,194.5,1.8484,,0.0,1
NIG017,37.4416,138.8431,NIG017|37.4416|138.8431,5638162734,11.0,295.9,1.2928,,0.0,1
NIG018,37.3724,138.5579,NIG018|37.3724|138.5579,5638044441,17.0,194.5,1.8484,,0.0,1
NIG019,37.3057,138.7898,NIG019|37.3057|138.7898,5538766331,8.0,426.0,0.9478,,0.0,1
NIG020,37.2332,138.962,NIG020|37.2332|138.9620,5538677644,11.0,344.3,1.1364,,0.0,1
NIG021,37.1281,138.7468,NIG021|37.1281|138.7468,5538555923,8.0,417.4,0.9644,,0.0,1
NIG022,37.0364,138.8462,NIG022|37.0364|138.8462,5538464723,11.0,362.5,1.0876,,0.0,1
NIG023,37.0147,138.6529,NIG023|37.0147|138.6529,5538451233,8.0,473.3,0.8665,,0.0,1
NIG024,37.1268,138.444,NIG024|37.1268|138.4440,5538535521,8.0,465.3,0.8791,,0.0,1
NIG025,37.1607,138.2235,NIG025|37.1607|138.2235,5538519724,15.0,207.5,1.749,,0.0,1
NIG026,37.0228,138.2507,NIG026|37.0228|138.2507,5538422031,11.0,334.9,1.1632,,0.0,1
NIG027,37.0235,137.8624,NIG027|37.0235|137.8624,5537462844,8.0,488.1,0.8441,,0.0,1
NIG028,37.4261,138.8862,NIG028|37.4261|138.8862,5638171022,3.0,417.4,0.9645,,0.0,1
OIT001,33.6783,131.5936,OIT001|33.6783|131.5936,5031441714,10.0,202.4,1.7871,,0.0,1
OIT001,33.6786,131.5937,OIT001|33.6786|131.5937,5031441714,10.0,202.4,1.7871,,0.0,1
OIT002,33.5685,131.2678,OIT002|33.5685|131.2678,5031228112,8.0,359.3,1.0956,,0.0,1
OIT003,33.5583,131.4489,OIT003|33.5583|131.4489,5031236544,11.0,284.7,1.3361,,0.0,1
OIT004,33.5666,131.7378,OIT004|33.5666|131.7378,5031257933,16.0,260.2,1.4425,,0.0,1
OIT005,33.4549,131.1142,OIT005|33.4549|131.1142,5031104931,6.0,405.6,0.9882,,0.0,1
OIT006,33.4244,131.3148,OIT006|33.4244|131.3148,5031120533,8.0,489.3,0.8423,,0.0,1
OIT007,33.4152,131.6148,OIT007|33.4152|131.6148,5031049933,6.0,405.6,0.9882,,0.0,1
OIT008,33.2555,131.0203,OIT008|33.2555|131.0203,4931700141,5.0,293.1,1.3034,,0.0,1
OIT009,33.2569,131.3439,OIT009|33.2569|131.3439,4931720743,11.0,397.0,1.0065,,0.0,1
OIT011,33.2461,131.8811,OIT011|33.2461|131.8811,4931679032,16.0,260.2,1.4425,,0.0,1
OIT012,33.0664,131.3734,OIT012|33.0664|131.3734,4931427944,5.0,269.9,1.3982,,0.0,1
OIT013,33.0647,131.6328,OIT013|33.0647|131.6328,4931457043,6.0,405.6,0.9882,,0.0,1
OIT014,33.0656,131.8589,OIT014|33.0656|131.8589,4931467843,10.0,281.1,1.3506,,0.0,1
OIT015,32.9722,131.397,OIT015|32.9722|131.3970,4931336142,6.0,405.6,0.9882,,0.0,1
OIT016,32.9747,131.9028,OIT016|32.9747|131.9028,4931376233,15.0,207.5,1.749,,0.0,1
OIT017,32.8578,131.6587,OIT017|32.8578|131.6587,4931252243,1.0,775.5,0.5689,,0.0,1
OIT018,32.7972,131.9251,OIT018|32.7972|131.9251,4931175431,15.0,207.5,1.749,,0.0,1
OKY001,35.1945,133.7314,OKY001|35.1945|133.7314,5233653823,10.0,457.6,0.8916,,0.0,1
OKY002,35.1787,134.05,OKY002|35.1787|134.0500,5234601413,8.0,505.1,0.8198,,0.0,1
OKY003,35.1737,134.3386,OKY003|35.1737|134.3386,5234620733,1.0,641.3,0.6689,,0.0,1
OKY004,34.9579,133.5018,OKY004|34.9579|133.5018,5233344033,10.0,417.2,0.9647,,0.0,1
OKY005,35.0098,133.7317,OKY005|35.0098|133.7317,5233451821,10.0,396.5,1.0075,,0.0,1
OKY006,35.0684,134.005,OKY006|35.0684|134.0050,5234408012,8.0,467.7,0.8753,,0.0,1
OKY007,34.7807,133.6121,OKY007|34.7807|133.6121,5233143842,1.0,775.5,0.5689,,0.0,1
OKY008,34.8701,133.9036,OKY008|34.8701|133.9036,5233274214,10.0,365.9,1.0788,,0.0,1
OKY009,34.9176,134.0923,OKY009|34.9176|134.0923,5234300712,10.0,342.2,1.1423,,0.0,1
OKY010,34.7454,134.1884,OKY010|34.7454|134.1884,5234019513,15.0,207.5,1.749,,0.0,1
OKY011,34.654,133.9067,OKY011|34.6540|133.9067,5133778223,15.0,195.9,1.8369,,0.0,1
OKY012,34.5893,133.7545,OKY012|34.5893|133.7545,5133760032,15.0,202.8,1.7835,,0.0,1
OKY013,34.5095,133.5099,OKY013|34.5095|133.5099,5133641022,1.0,775.5,0.5689,,0.0,1
OKY014,34.4462,133.7876,OKY014|34.4462|133.7876,5133563331,3.0,389.3,1.0234,,0.0,1
OKY015,35.2793,133.9256,OKY015|35.2793|133.9256,5233773431,10.0,472.4,0.8679,,0.0,1
OSK001,34.9659,135.4069,OSK001|34.9659|135.4069,5235335243,10.0,424.5,0.9506,,0.0,1
OSK001,34.9707,135.39,OSK001|34.9707|135.3900,5235336113,10.0,431.7,0.9371,,0.0,1
OSK002,34.8573,135.5958,OSK002|34.8573|135.5958,5235242743,8.0,445.1,0.9129,,0.0,1
OSK003,34.7668,135.4683,OSK003|34.7668|135.4683,5235132712,11.0,277.7,1.3647,,0.0,1
OSK004,34.7405,135.6394,OSK004|34.7405|135.6394,5235058133,11.0,296.5,1.2907,,0.0,1
OSK005,34.7255,135.5099,OSK005|34.7255|135.5099,5235047022,16.0,260.2,1.4425,,0.0,1
OSK006,34.5894,135.471,OSK006|34.5894|135.4710,5135730741,19.0,173.0,2.0426,,0.0,1
OSK007,34.5577,135.6058,OSK007|34.5577|135.6058,5135646834,8.0,392.5,1.0163,,0.0,1
OSK008,34.4438,135.3874,OSK008|34.4438|135.3874,5135533024,8.0,359.7,1.0946,,0.0,1
OSK009,34.4366,135.5816,OSK009|34.4366|135.5816,5135542623,3.0,387.9,1.0265,,0.0,1
OSK010,34.3755,135.2549,OSK010|34.3755|135.2549,5135425012,20.0,223.1,1.6447,,0.0,1
SAG001,33.5274,129.8771,SAG001|33.5274|129.8771,5029273013,3.0,423.2,0.9531,,0.0,1
SAG002,33.4247,129.9195,SAG002|33.4247|129.9195,5029170343,3.0,344.1,1.137,,0.0,1
SAG003,33.373,130.2074,SAG003|33.3730|130.2074,5030014643,10.0,414.2,0.9707,,0.0,1
SAG004,33.2646,129.8813,SAG004|33.2646|129.8813,4929771043,3.0,352.6,1.1136,,0.0,1
SAG005,33.3213,130.0643,SAG005|33.3213|130.0643,4930708531,1.0,775.5,0.5689,,0.0,1
SAG006,33.1916,130.034,SAG006|33.1916|130.0340,4930602243,3.0,382.7,1.0383,,0.0,1
SAG007,33.2627,130.3004,SAG007|33.2627|130.3004,4930721431,15.0,172.6,2.0464,,0.0,1
SAG008,33.1038,130.0996,SAG008|33.1038|130.0996,4930502724,11.0,278.0,1.3635,,0.0,1
SIG001,35.5398,136.2065,SIG001|35.5398|136.2065,5336214643,11.0,363.8,1.0842,,0.0,1
SIG002,35.4215,136.0243,SIG002|35.4215|136.0243,5336100142,15.0,199.1,1.8123,,0.0,1
SIG003,35.377,136.264,SIG003|35.3770|136.2640,5336025111,15.0,193.2,1.8586,,0.0,1
SIG004,35.3476,135.9184,SIG004|35.3476|135.9184,5335071332,2.0,400.3,0.9994,,0.0,1
SIG005,35.2493,136.2421,SIG005|35.2493|136.2421,5236619934,13.0,184.3,1.9356,,0.0,1
SIG006,35.2001,135.921,SIG006|35.2001|135.9210,5235674321,11.0,357.7,1.0999,,0.0,1
SIG007,35.1339,136.0957,SIG007|35.1339|136.0957,5236506721,12.0,250.7,1.4891,,0.0,1
SIG007,35.1364,136.091,SIG007|35.1364|136.0910,5236506714,12.0,251.6,1.4843,,0.0,1
SIG008,35.0701,136.2946,SIG008|35.0701|136.2946,5236428323,8.0,493.0,0.8369,,0.0,1
SIG009,35.0051,136.0854,SIG009|35.0051|136.0854,5236400642,11.0,347.9,1.1262,,0.0,1
SIG010,34.9718,135.8965,SIG010|34.9718|135.8965,5235376141,8.0,478.0,0.8592,,0.0,1
SIG011,34.8779,136.0587,SIG011|34.8779|136.0587,5236205423,10.0,434.9,0.9312,,0.0,1
SIG012,34.9043,136.2307,SIG012|34.9043|136.2307,5236218832,3.0,404.3,0.9909,,0.0,1
SIT001,36.2428,139.1937,SIT001|36.2428|139.1937,5439219512,9.0,300.8,1.2749,389.4,1.0,1
SIT002,36.1476,139.3884,SIT002|36.1476|139.3884,5439137131,11.0,274.3,1.379,393.4,1.0,1
SIT003,36.072,139.6968,SIT003|36.0720|139.6968,5439058541,12.0,115.4,2.8843,450.0,1.0,1
SIT004,36.1179,139.1045,SIT004|36.1179|139.1045,5439104812,8.0,581.1,0.7274,1067.7,1.0,1
SIT005,36.0562,139.2626,SIT005|36.0562|139.2626,5439026131,8.0,516.8,0.804,768.7,1.0,1
SIT006,35.9954,139.0709,SIT006|35.9954|139.0709,5339709523,8.0,491.7,0.8387,676.7,1.0,1
SIT007,36.054,139.3912,SIT007|36.0540|139.3912,5439036114,8.0,363.8,1.0842,467.6,1.0,1
SIT008,35.9745,139.7526,SIT008|35.9745|139.7526,5339766033,13.0,157.9,2.2075,421.6,1.0,1
SIT009,35.9032,139.4837,SIT009|35.9032|139.4837,5339638823,9.0,288.1,1.3227,405.5,1.0,1
SIT010,35.9065,139.6481,SIT010|35.9065|139.6481,5339658144,10.0,141.6,2.4217,376.6,1.0,1
SIT011,35.8098,139.7212,SIT011|35.8098|139.7212,5339557721,13.0,155.0,2.2425,452.1,1.0,1
SIT012,35.8401,139.3215,SIT012|35.8401|139.3215,5339620543,10.0,402.3,0.9952,485.7,1.0,1
SIT013,35.7965,139.4659,SIT013|35.7965|139.4659,5339535732,9.0,265.3,1.4188,444.5,1.0,1
SIT014,35.9954,138.801,SIT014|35.9954|138.8010,5338769413,1.0,696.1,0.6237,1252.5,1.0,1
SMN001,35.5372,133.1612,SMN001|35.5372|133.1612,5333214224,20.0,253.3,1.4761,,0.0,1
SMN002,35.4714,133.0682,SMN002|35.4714|133.0682,5333106532,15.0,207.5,1.749,,0.0,1
SMN003,35.1795,133.0929,SMN003|35.1795|133.0929,5233601732,10.0,452.7,0.8999,,0.0,1
SMN004,35.2881,132.9004,SMN004|35.2881|132.9004,5232774231,10.0,341.1,1.1455,,0.0,1
SMN005,35.3611,132.7449,SMN005|35.3611|132.7449,5332053923,15.0,199.1,1.8123,,0.0,1
SMN006,35.1942,132.4978,SMN006|35.1942|132.4978,5232633924,10.0,280.9,1.3514,,0.0,1
SMN007,35.0807,132.5914,SMN007|35.0807|132.5914,5232449732,1.0,641.3,0.6689,,0.0,1
SMN008,34.8523,132.5308,SMN008|34.8523|132.5308,5232242214,3.0,381.9,1.0403,,0.0,1
SMN009,35.0112,132.2227,SMN009|35.0112|132.2227,5232411724,3.0,433.8,0.9332,,0.0,1
SMN010,34.887,132.0783,SMN010|34.8870|132.0783,5232206614,3.0,416.9,0.9653,,0.0,1
SMN011,34.5718,132.0141,SMN011|34.5718|132.0141,5132608131,10.0,442.1,0.9183,,0.0,1
SMN012,34.3529,131.9352,SMN012|34.3529|131.9352,5131472424,10.0,437.9,0.9258,,0.0,1
SMN013,34.669,131.8458,SMN013|34.6690|131.8458,5231060723,3.0,380.7,1.043,,0.0,1
SMN014,34.4668,131.7752,SMN014|34.4668|131.7752,5131566211,10.0,414.0,0.9712,,0.0,1
SMN015,35.3644,133.1704,SMN015|35.3644|133.1704,5333013341,11.0,318.9,1.2128,,0.0,1
SMN016,35.1957,132.8146,SMN016|35.1957|132.8146,5232663513,10.0,431.5,0.9375,,0.0,1
SMN018,36.1925,133.2331,SMN018|36.1925|133.2331,5433213821,15.0,207.5,1.749,,0.0,1
SMN019,36.2932,133.3561,SMN019|36.2932|133.3561,5433325812,16.0,260.2,1.4425,,0.0,1
SZO001,35.1424,139.0795,SZO001|35.1424|139.0795,5239507612,11.0,376.5,1.053,500.0,1.0,1
SZO002,34.9652,139.1031,SZO002|34.9652|139.1031,5239305833,4.0,510.4,0.8125,,0.0,1
SZO003,34.8158,139.0546,SZO003|34.8158|139.0546,5239107434,4.0,510.4,0.8125,,0.0,1
SZO004,34.6469,138.8194,SZO004|34.6469|138.8194,5138767541,1.0,641.3,0.6689,,0.0,1
SZO005,34.7549,138.7841,SZO005|34.7549|138.7841,5238160241,15.0,207.5,1.749,,0.0,1
SZO006,34.9113,138.7941,SZO006|34.9113|138.7941,5238269323,15.0,207.5,1.749,,0.0,1
SZO007,34.9771,138.9466,SZO007|34.9771|138.9466,5238377523,8.0,481.1,0.8545,,0.0,1
SZO008,35.096,138.8657,SZO008|35.0960|138.8657,5238561932,13.0,163.8,2.14,,0.0,1
SZO009,35.1971,138.9127,SZO009|35.1971|138.9127,5238673331,5.0,277.3,1.3663,,0.0,1
SZO010,35.3091,138.9349,SZO010|35.3091|138.9349,5238777422,5.0,276.6,1.3693,,0.0,1
SZO011,35.2216,138.6221,SZO011|35.2216|138.6221,5238646942,5.0,281.2,1.35,,0.0,1
SZO012,35.1271,138.6213,SZO012|35.1271|138.6213,5238545923,11.0,294.3,1.2989,,0.0,1
SZO013,35.041,138.476,SZO013|35.0410|138.4760,5238434833,13.0,169.5,2.0787,,0.0,1
SZO014,34.9649,138.3735,SZO014|34.9649|138.3735,5238325944,11.0,292.8,1.3046,,0.0,1
SZO015,35.2435,138.3407,SZO015|35.2435|138.3407,5238629712,10.0,475.4,0.8632,,0.0,1
SZO016,34.8566,138.3113,SZO016|34.8566|138.3113,5238222444,11.0,258.4,1.451,,0.0,1
SZO019,34.7699,137.9981,SZO019|34.7699|137.9981,5237172924,8.0,444.2,0.9145,,0.0,1
SZO020,34.9394,138.076,SZO020|34.9394|138.0760,5238302631,8.0,479.1,0.8575,,0.0,1
SZO021,35.0969,138.1332,SZO021|35.0969|138.1332,5238511041,1.0,775.5,0.5689,,0.0,1
SZO022,35.0916,137.8136,SZO022|35.0916|137.8136,5237560533,10.0,404.8,0.9899,,0.0,1
SZO023,34.8738,137.8164,SZO023|34.8738|137.8164,5237264534,10.0,344.6,1.1354,,0.0,1
SZO024,34.7102,137.7197,SZO024|34.7102|137.7197,5237055721,8.0,292.4,1.3061,,0.0,1
SZO025,34.7194,137.5314,SZO025|34.7194|137.5314,5237046223,15.0,185.4,1.9258,,0.0,1
SZO026,34.9816,137.8975,SZO026|34.9816|137.8975,5237377144,1.0,775.5,0.5689,,0.0,1
SZO027,34.7903,138.8008,SZO027|34.7903|138.8008,5238164433,10.0,306.2,1.2555,,0.0,1
SZO028,34.9524,139.1378,SZO028|34.9524|139.1378,5239314113,16.0,260.2,1.4425,,0.0,1
TCG001,36.9417,140.0828,TCG001|36.9417|140.0828,5540303621,8.0,397.9,1.0045,492.3,1.0,1
TCG002,36.99,139.8033,TCG002|36.9900|139.8033,5539368434,1.0,529.6,0.7874,694.1,1.0,1
TCG003,36.8144,139.7153,TCG003|36.8144|139.7153,5539157731,9.0,456.5,0.8935,700.0,1.0,1
TCG004,36.8061,139.4204,TCG004|36.8061|139.4204,5539136341,8.0,426.2,0.9474,716.5,1.0,1
TCG005,36.8061,139.9264,TCG005|36.8061|139.9264,5539176431,11.0,323.1,1.1996,476.1,1.0,1
TCG006,36.7639,140.1297,TCG006|36.7639|140.1297,5540111032,8.0,335.0,1.163,476.4,1.0,1
TCG007,36.5692,139.8861,TCG007|36.5692|139.8861,5439678024,3.0,412.4,0.9743,499.5,1.0,1
TCG008,36.56,139.7675,TCG008|36.5600|139.7675,5439667112,9.0,248.8,1.4989,552.0,1.0,1
TCG009,36.7258,139.7155,TCG009|36.7258|139.7155,5539057711,9.0,288.8,1.3197,647.7,1.0,1
TCG010,36.6347,139.4376,TCG010|36.6347|139.4376,5439736511,8.0,307.3,1.2518,1696.1,1.0,1
TCG011,36.3867,139.6145,TCG011|36.3867|139.6145,5439446913,10.0,456.8,0.893,778.8,1.0,1
TCG012,36.2859,139.8047,TCG012|36.2859|139.8047,5439364414,9.0,214.0,1.7038,350.0,1.0,1
TCG013,36.4368,140.0225,TCG013|36.4368|140.0225,5440502124,11.0,319.8,1.21,454.9,1.0,1
TCG014,36.545,140.1742,TCG014|36.5450|140.1742,5440615324,3.0,416.5,0.9662,503.1,1.0,1
TKS001,34.203,134.6098,TKS001|34.2030|134.6098,5134244824,19.0,236.3,1.5657,,0.0,1
TKS002,34.0438,134.582,TKS002|34.0438|134.5820,5134045623,16.0,260.2,1.4425,,0.0,1
TKS003,33.8716,134.6039,TKS003|33.8716|134.6039,5034644832,14.0,183.8,1.9397,,0.0,1
TKS004,33.7749,134.5914,TKS004|33.7749|134.5914,5034542734,15.0,207.5,1.749,,0.0,1
TKS005,33.8788,134.3889,TKS005|33.8788|134.3889,5034635113,7.0,351.4,1.1167,,0.0,1
TKS006,33.6692,134.4192,TKS006|33.6692|134.4192,5034430323,16.0,260.2,1.4425,,0.0,1
TKS007,34.0905,134.285,TKS007|34.0905|134.2850,5134120244,8.0,418.8,0.9616,,0.0,1
TKS008,33.9344,134.212,TKS008|33.9344|134.2120,5034712622,7.0,351.4,1.1167,,0.0,1
TKS009,33.7719,134.1995,TKS009|33.7719|134.1995,5034512542,7.0,351.4,1.1167,,0.0,1
TKS010,34.038,134.0614,TKS010|34.0380|134.0614,5134004442,10.0,351.1,1.1174,,0.0,1
TKS011,33.8746,133.9218,TKS011|33.8746|133.9218,5033674343,1.0,775.5,0.5689,,0.0,1
TKS012,34.0319,133.809,TKS012|34.0319|133.8090,5133063443,8.0,477.0,0.8607,,0.0,1
TKY001,35.8029,139.0956,TKY001|35.8029|139.0956,5339506723,2.0,667.4,0.6465,1162.4,1.0,1
TKY002,35.7304,139.1454,TKY002|35.7304|139.1454,5339417141,8.0,674.6,0.6406,1096.4,1.0,1
TKY003,35.7968,139.2912,TKY003|35.7968|139.2912,5339525332,9.0,320.6,1.2074,722.5,1.0,1
TKY004,35.6282,139.4034,TKY004|35.6282|139.4034,5339335214,3.0,408.4,0.9825,587.3,1.0,1
TKY005,35.5782,139.4156,TKY005|35.5782|139.4156,5339239313,9.0,268.9,1.4027,496.3,1.0,1
TKY006,35.699,139.5029,TKY006|35.6990|139.5029,5339443033,9.0,249.5,1.4951,429.7,1.0,1
TKY007,35.7107,139.6859,TKY007|35.7107|139.6859,5339455424,9.0,251.3,1.486,412.7,1.0,1
TKY008,34.7852,139.3909,TKY008|34.7852|139.3909,5239134112,4.0,510.4,0.8125,,0.0,1
TKY009,34.6874,139.4412,TKY009|34.6874|139.4412,5239032514,5.0,304.7,1.261,,0.0,1
TKY010,34.3775,139.2557,TKY010|34.3775|139.2557,5139425014,5.0,292.0,1.3075,,0.0,1
TKY013,35.6596,139.8343,TKY013|35.6596|139.8343,5339369621,20.0,145.3,2.3694,465.8,1.0,1
TKY014,35.689,139.8354,TKY014|35.6890|139.8354,5339462642,19.0,145.8,2.3631,438.6,1.0,1
TKY015,35.7313,139.8121,TKY015|35.7313|139.8121,5339467444,15.0,154.2,2.2532,451.0,1.0,1
TKY016,35.6485,139.799,TKY016|35.6485|139.7990,5339367344,20.0,165.0,2.1261,500.0,1.0,1
TKY017,35.6474,139.8093,TKY017|35.6474|139.8093,5339367441,20.0,175.9,2.0136,500.0,1.0,1
TKY018,35.6551,139.8115,TKY018|35.6551|139.8115,5339368442,20.0,158.2,2.2041,483.4,1.0,1
TKY019,35.6538,139.7948,TKY019|35.6538|139.7948,5339368323,20.0,176.0,2.013,490.4,1.0,1
TKY020,35.6657,139.8087,TKY020|35.6657|139.8087,5339369443,20.0,187.7,1.9049,409.0,1.0,1
TKY021,35.6876,139.8193,TKY021|35.6876|139.8193,5339462541,19.0,156.8,2.2203,414.7,1.0,1
TKY023,35.7254,139.8249,TKY023|35.7254|139.8249,5339467522,15.0,150.4,2.3015,465.8,1.0,1
TKY024,35.7401,139.8624,TKY024|35.7401|139.8624,5339468844,15.0,181.6,1.9601,357.8,1.0,1
TKY025,35.7138,139.8971,TKY025|35.7138|139.8971,5339475142,15.0,216.8,1.685,382.1,1.0,1
TKY026,35.6704,139.8635,TKY026|35.6704|139.8635,5339460913,19.0,135.3,2.5189,487.9,1.0,1
TKY027,35.6926,139.8912,TKY027|35.6926|139.8912,5339473112,15.0,142.2,2.4139,481.2,1.0,1
TKY028,35.6685,139.7893,TKY028|35.6685|139.7893,5339460311,20.0,184.8,1.9312,432.3,1.0,1
TTR001,35.3415,134.3975,TTR001|35.3415|134.3975,5334030144,1.0,775.5,0.5689,,0.0,1
TTR002,35.4853,134.2198,TTR002|35.4853|134.2198,5334118721,13.0,162.9,2.1494,,0.0,1
TTR003,35.3432,134.2075,TTR003|35.3432|134.2075,5334011621,1.0,641.3,0.6689,,0.0,1
TTR004,35.4606,134.0548,TTR004|35.4606|134.0548,5334105414,11.0,323.0,1.1998,,0.0,1
TTR004,35.4631,134.0684,TTR004|35.4631|134.0684,5334105532,11.0,327.5,1.1857,,0.0,1
TTR005,35.429,133.8253,TTR005|35.4290|133.8253,5333161613,1.0,775.5,0.5689,,0.0,1
TTR006,35.5106,133.6303,TTR006|35.5106|133.6303,5333251014,8.0,288.8,1.3197,,0.0,1
TTR007,35.2826,133.4876,TTR007|35.2826|133.4876,5233733933,5.0,333.6,1.1674,,0.0,1
TTR008,35.4258,133.3301,TTR008|35.4258|133.3301,5333121612,15.0,207.5,1.749,,0.0,1
TTR009,35.1629,133.3063,TTR009|35.1629|133.3063,5233529441,10.0,451.5,0.9019,,0.0,1
TTR009,35.1708,133.3113,TTR009|35.1708|133.3113,5233620424,10.0,443.4,0.9161,,0.0,1
TYM001,36.976,137.6257,TYM001|36.9760|137.6257,5537357011,8.0,456.4,0.8937,,0.0,1
TYM002,36.866,136.9747,TYM002|36.8660|136.9747,5536273744,15.0,207.5,1.749,,0.0,1
TYM003,36.8163,137.4192,TYM003|36.8163|137.4192,5537137343,8.0,390.1,1.0216,,0.0,1
TYM004,36.8624,137.5274,TYM004|36.8624|137.5274,5537243213,8.0,495.4,0.8335,,0.0,1
TYM006,36.6716,136.897,TYM006|36.6716|136.8970,5536070142,11.0,301.6,1.2718,,0.0,1
TYM008,36.6086,137.2831,TYM008|36.6086|137.2831,5437723221,11.0,352.6,1.1135,,0.0,1
TYM009,36.5864,137.1406,TYM009|36.5864|137.1406,5437710113,8.0,471.1,0.87,,0.0,1
TYM010,36.56,136.8872,TYM010|36.5600|136.8872,5436677022,11.0,331.8,1.1727,,0.0,1
TYM011,36.5781,137.385,TYM011|36.5781|137.3850,5437639024,8.0,549.7,0.7628,,0.0,1
TYM012,36.4411,137.0353,TYM012|36.4411|137.0353,5437502244,2.0,400.3,0.9994,,0.0,1
WKY001,34.2288,135.1694,WKY001|34.2288|135.1694,5135217323,3.0,265.3,1.419,,0.0,1
WKY002,34.2755,135.4305,WKY002|34.2755|135.4305,5135333412,11.0,332.0,1.1721,,0.0,1
WKY003,34.0996,135.116,WKY003|34.0996|135.1160,5135101934,15.0,207.5,1.749,,0.0,1
WKY004,34.0838,135.4313,WKY004|34.0838|135.4313,5135130421,8.0,520.5,0.7991,,0.0,1
WKY004,34.0841,135.4309,WKY004|34.0841|135.4309,5135130412,8.0,509.3,0.814,,0.0,1
WKY005,33.8938,135.4883,WKY005|33.8938|135.4883,5035637913,8.0,517.5,0.803,,0.0,1
WKY006,33.8908,135.1524,WKY006|33.8908|135.1524,5035616233,15.0,202.8,1.7835,,0.0,1
WKY007,33.8375,135.7735,WKY007|33.8375|135.7735,5035660124,8.0,464.2,0.881,,0.0,1
WKY008,33.7289,135.3772,WKY008|33.7289|135.3772,5035437013,16.0,260.2,1.4425,,0.0,1
WKY009,33.7209,135.9813,WKY009|33.7209|135.9813,5035476841,1.0,641.3,0.6689,,0.0,1
WKY010,33.5503,135.4972,WKY010|33.5503|135.4972,5035236922,1.0,641.3,0.6689,,0.0,1
WKY011,33.5947,135.946,WKY011|33.5947|135.9460,5035371523,15.0,207.5,1.749,,0.0,1
WKY012,33.472,135.7835,WKY012|33.4720|135.7835,5035166241,20.0,253.3,1.4761,,0.0,1
WKY013,34.216,135.586,WKY013|34.2160|135.5860,5135245644,10.0,519.5,0.8004,,0.0,1
WKY014,33.7053,135.6397,WKY014|33.7053|135.6397,5035454131,2.0,400.3,0.9994,,0.0,1
YMG001,34.6173,131.6019,YMG001|34.6173|131.6019,5131744811,15.0,207.5,1.749,,0.0,1
YMG002,34.4073,131.3987,YMG002|34.4073|131.3987,5131438144,15.0,207.5,1.749,,0.0,1
YMG003,34.3829,131.6002,YMG003|34.3829|131.6002,5131445833,8.0,516.8,0.8039,,0.0,1
YMG004,34.3709,131.182,YMG004|34.3709|131.1820,5131414441,3.0,308.6,1.2474,,0.0,1
YMG005,34.2904,130.9484,YMG005|34.2904|130.9484,5130374544,3.0,359.8,1.0944,,0.0,1
YMG006,34.149,130.9298,YMG006|34.1490|130.9298,5130177434,15.0,207.5,1.749,,0.0,1
YMG007,34.1657,131.2064,YMG007|34.1657|131.2064,5131119643,10.0,366.8,1.0765,,0.0,1
YMG008,34.0121,131.4042,YMG008|34.0121|131.4042,5131031214,16.0,260.2,1.4425,,0.0,1
YMG009,34.2319,131.8169,YMG009|34.2319|131.8169,5131267534,8.0,543.5,0.7702,,0.0,1
YMG010,34.2304,131.9822,YMG010|34.2304|131.9822,5131277841,8.0,472.4,0.8678,,0.0,1
YMG011,34.0643,131.0214,YMG011|34.0643|131.0214,5131007141,8.0,427.0,0.9459,,0.0,1
YMG012,33.9941,131.2181,YMG012|33.9941|131.2181,5031719714,19.0,236.3,1.5657,,0.0,1
YMG013,34.031,131.5348,YMG013|34.0310|131.5348,5131043242,15.0,207.5,1.749,,0.0,1
YMG014,34.0544,131.8077,YMG014|34.0544|131.8077,5131066441,8.0,410.7,0.9778,,0.0,1
YMG015,34.0966,132.0758,YMG015|34.0966|132.0758,5132101631,8.0,468.1,0.8747,,0.0,1
YMG016,34.1699,132.1766,YMG016|34.1699|132.1766,5132210413,13.0,168.5,2.0885,,0.0,1
YMG017,33.9649,132.1011,YMG017|33.9649|132.1011,5032705833,19.0,236.3,1.5657,,0.0,1
YMG018,33.9091,132.3561,YMG018|33.9091|132.3561,5032629812,20.0,253.3,1.4761,,0.0,1
YMG019,33.8388,132.1205,YMG019|33.8388|132.1205,5032600941,2.0,400.3,0.9994,,0.0,1
YMN001,35.7895,138.9198,YMN001|35.7895|138.9198,5338574341,9.0,416.2,0.9667,,0.0,1
YMN002,35.6132,138.947,YMN002|35.6132|138.9470,5338373542,9.0,378.4,1.0484,,0.0,1
YMN003,35.4648,138.813,YMN003|35.4648|138.8130,5338165533,5.0,303.7,1.2645,,0.0,1
YMN004,35.702,138.7266,YMN004|35.7020|138.7266,5338454811,8.0,501.1,0.8252,,0.0,1
YMN005,35.6548,138.5677,YMN005|35.6548|138.5677,5338348532,11.0,365.9,1.0787,,0.0,1
YMN006,35.4684,138.6069,YMN006|35.4684|138.6069,5338146821,5.0,273.1,1.3841,,0.0,1
YMN007,35.2791,138.4649,YMN007|35.2791|138.4649,5238733713,10.0,386.4,1.03,,0.0,1
YMN008,35.432,138.3321,YMN008|35.4320|138.3321,5338121643,10.0,470.0,0.8716,,0.0,1
YMN009,35.4965,138.4627,YMN009|35.4965|138.4627,5338139731,10.0,427.8,0.9444,,0.0,1
YMN010,35.7918,138.4096,YMN010|35.7918|138.4096,5338535222,5.0,268.4,1.4049,,0.0,1
YMN011,35.6382,138.3835,YMN011|35.6382|138.3835,5338336041,1.0,641.3,0.6689,,0.0,1
YMT001,38.914,139.8127,YMT001|38.9140|139.8127,5839269531,15.0,160.7,2.1746,,0.0,1
YMT002,38.7679,140.2957,YMT002|38.7679|140.2957,5840122321,8.0,352.5,1.1137,,0.0,1
YMT003,38.7292,139.8013,YMT003|38.7292|139.8013,5839067431,13.0,167.0,2.1044,,0.0,1
YMT004,38.6276,139.5889,YMT004|38.6276|139.5889,5739745713,8.0,419.8,0.9597,,0.0,1
YMT005,38.607,140.1621,YMT005|38.6070|140.1621,5740712244,5.0,316.4,1.2213,,0.0,1
YMT006,38.6001,140.4054,YMT006|38.6001|140.4054,5740732212,8.0,461.8,0.8848,,0.0,1
YMT007,38.4306,140.3907,YMT007|38.4306|140.3907,5740531132,8.0,474.8,0.8641,,0.0,1
YMT008,38.3856,139.9921,YMT008|38.3856|139.9921,5739476914,1.0,641.3,0.6689,,0.0,1
YMT009,38.3898,140.2743,YMT009|38.3898|140.2743,5740426144,8.0,399.6,1.0008,,0.0,1
YMT010,38.2604,140.3488,YMT010|38.2604|140.3488,5740321722,11.0,357.3,1.101,,0.0,1
YMT011,38.1502,140.2674,YMT011|38.1502|140.2674,5740128112,11.0,366.3,1.0779,,0.0,1
YMT012,38.1074,140.0428,YMT012|38.1074|140.0428,5740102334,11.0,361.9,1.089,,0.0,1
YMT013,38.0621,139.7575,YMT013|38.0621|139.7575,5739067023,8.0,497.9,0.8298,,0.0,1
YMT014,37.9207,139.8697,YMT014|37.9207|139.8697,5639760923,8.0,538.0,0.7769,,0.0,1
YMT015,37.9043,140.0996,YMT015|37.9043|140.0996,5640608742,11.0,368.0,1.0737,,0.0,1
YMT016,38.7895,140.0185,YMT016|38.7895|140.0185,5840104132,3.0,493.9,0.8355,,0.0,1
YMT017,38.7909,140.313,YMT017|38.7909|140.3130,5840124533,8.0,383.6,1.0363,,0.0,1
